ID,Ban
1,Ancient 
1,Anubis
2,Nuke
2,Mirage
3,Anubis
3,Inferno
4,Overpass
4,Mirage
5,Anubis
5,Nuke
6,Inferno
6,Anubis
7,Mirage
7,Anubis
8,Ancient 
8,Anubis
9,Mirage
9,Inferno
10,Ancient
10,Anubis
11,Vertigo
11,Mirage
12,Vertigo
12,Anubis
13,Inferno
13,Mirage
14,Inferno
14,Anubis
15,Ancient
15,Anubis
16,Ancient
16,Mirage
17,Inferno
17,Overpass
18,Nuke
18,Ancient
19,Ancient
19,Anubis
20,Vertigo
20,Mirage
21,Overpass
21,Inferno
22,Anubis
22,Overpass
23,Overpass
23,Ancient
24,Overpass
24,Mirage
25,Nuke
25,Vertigo
26,Anubis
26,Nuke
27,Nuke
27,Mirage
28,Ancient
28,Overpass
29,Nuke
29,Vertigo
30,Anubis
30,Nuke
31,Inferno
31,Overpass
32,Nuke
32,Anubis
33,Vertigo
33,Nuke
34,Ancient
34,Anubis
35,Ancient
35,Mirage
36,Nuke
36,Anubis
37,Vertigo
37,Anubis
38,Mirage
38,Inferno
39,Nuke
39,Inferno
40,Ancient
40,Overpass
41,Ancient
41,Nuke
42,Vertigo
42,Inferno
43,Nuke
43,Inferno
44,Overpass
44,Anubis
45,Inferno
45,Anubis
46,Nuke
46,Vertigo
47,Overpass
47,Anubis
48,Nuke
48,Mirage
49,Nuke
49,Overpass
50,Ancient
50,Overpass
51,Overpass
51,Inferno
52,Ancient
52,Overpass
53,Overpass
53,Inferno
54,Anubis
54,Mirage
55,Vertigo
55,Mirage
56,Nuke
56,Vertigo
57,Anubis
57,Vertigo
58,Mirage
58,Vertigo
59,Vertigo
59,Mirage
60,Nuke
60,Anubis
61,Nuke
61,Anubis
62,Ancient
62,Anubis
63,Anubis
63,Mirage
64,Ancient
64,Anubis
65,Ancient
65,Mirage
66,Inferno
66,Ancient
67,Mirage
67,Vertigo
68,Mirage
68,Nuke
69,Mirage
69,Ancient
70,Anubis
70,Vertigo
71,Ancient
71,Anubis
72,Inferno
72,Vertigo
73,Inferno
73,Anubis
74,Overpass
74,Nuke
75,Vertigo
75,Anubis
76,Inferno
76,Mirage
77,Ancient
77,Nuke
78,Nuke
78,Inferno
79,Anubis
79,Overpass
80,Nuke
80,Overpass
81,Nuke
81,Anubis
82,Ancient
82,Anubis
83,Mirage
83,Anubis
84,Ancient
84,Anubis
85,Ancient
85,Anubis
86,Ancient
86,Mirage
87,Overpass
87,Anubis
88,Anubis
88,Ancient
89,Nuke
89,Overpass
90,Ancient
90,Mirage
91,Ancient
91,Nuke
92,Nuke
92,Overpass
93,Inferno
93,Vertigo
94,Anubis
94,Vertigo
95,Nuke
95,Vertigo
96,Anubis
96,Overpass
97,Ancient
97,Mirage
98,Inferno
98,Mirage
99,Overpass
99,Vertigo
100,Nuke
100,Anubis
101,Ancient
101,Anubis
102,Nuke
102,Overpass
103,Mirage
103,Overpass
104,Nuke
104,Anubis
105,Anubis
105,Inferno
106,Anubis
106,Mirage
107,Mirage
107,Ancient
108,Mirage
108,Vertigo
109,Ancient
109,Anubis
110,Ancient
110,Inferno
111,Nuke
111,Overpass
112,Nuke
112,Mirage
113,Ancient
113,Anubis
114,Mirage
114,Overpass
115,Nuke
115,Overpass
116,Vertigo
116,Ancient
117,Anubis
117,Mirage
118,Mirage
118,Overpass
119,Ancient
119,Vertigo
120,Inferno
120,Nuke
121,Vertigo
121,Inferno
122,Inferno
122,Mirage
123,Vertigo
123,Mirage
124,Vertigo
124,Inferno
125,Inferno
125,Mirage
126,Vertigo
126,Ancient
127,Inferno
127,Overpass
128,Mirage
128,Vertigo
129,Anubis
129,Mirage
130,Anubis
130,Mirage
131,Ancient
131,Overpass
132,Inferno
132,Anubis
133,Vertigo
133,Mirage
134,Vertigo
134,Mirage
135,Vertigo
135,Ancient
136,Overpass
136,Ancient
137,Vertigo
137,Ancient
138,Nuke
138,Vertigo
139,Inferno
139,Mirage
140,Anubis
140,Nuke
141,Vertigo
141,Mirage
142,Inferno
142,Overpass
143,Inferno
143,Mirage
144,Vertigo
144,Mirage
145,Ancient
145,Vertigo
146,Nuke
146,Inferno
147,Nuke
147,Mirage
148,Ancient
148,Nuke
149,Anubis
149,Vertigo
150,Overpass
150,Vertigo
151,Mirage
151,Nuke
152,Nuke
152,Overpass
153,Inferno
153,Mirage
154,Ancient
154,Vertigo
155,Nuke
155,Ancient
156,Anubis
156,Mirage
157,Ancient
157,Inferno
158,Mirage
158,Vertigo
159,Ancient
159,Vertigo
160,Anubis
160,Inferno
161,Ancient
161,Vertigo
162,Vertigo
162,Mirage
163,Nuke
163,Anubis
164,Inferno
164,Mirage
165,Nuke
165,Vertigo
166,Anubis
166,Inferno
167,Vertigo
167,Anubis
168,Nuke
168,Ancient
169,Vertigo
169,Inferno
170,Inferno
170,Mirage
171,Anubis
171,Mirage
172,Nuke
172,Mirage
173,Ancient
173,Anubis
174,Ancient
174,Inferno
175,Nuke
175,Ancient
176,Ancient
176,Anubis
177,Inferno
177,Nuke
178,Overpass
178,Inferno
179,Anubis
179,Inferno
180,Nuke
180,Mirage
181,Overpass
181,Inferno
182,Anubis
182,Vertigo
183,Overpass
183,Mirage
184,Ancient
184,Anubis
185,Nuke
185,Anubis
186,Mirage
186,Overpass
187,Anubis
187,Inferno
188,Nuke
188,Overpass
189,Mirage
189,Anubis
190,Anubis
190,Overpass
191,Anubis
191,Vertigo
192,Inferno
192,Overpass
193,Nuke
193,Anubis
194,Vertigo
194,Overpass
195,Nuke
195,Inferno
196,Inferno
196,Nuke
197,Anubis
197,Vertigo
198,Anubis
198,Overpass
199,Mirage
199,Vertigo
200,Mirage
200,Overpass
201,Inferno
201,Overpass
202,Inferno
202,Overpass
203,Anubis
203,Mirage
204,Ancient
204,Anubis
205,Ancient
205,Mirage
206,Nuke
206,Ancient
207,Ancient
207,Anubis
208,Nuke
208,Ancient
209,Anubis
209,Mirage
210,Anubis
210,Vertigo
211,Ancient
211,Mirage
212,Nuke
212,Inferno
213,Ancient
213,Anubis
214,Inferno
214,Mirage
215,Inferno
215,Ancient
216,Inferno
216,Mirage
217,Inferno
217,Anubis
218,Ancient
218,Mirage
219,Anubis
219,Vertigo
220,Ancient
220,Nuke
221,Overpass
221,Vertigo
222,Overpass
222,Vertigo
223,Vertigo
223,Anubis
224,Overpass
224,Nuke
225,Ancient
225,Nuke
226,Overpass
226,Vertigo
227,Inferno
227,Anubis
228,Nuke
228,Ancient
229,Ancient
229,Anubis
230,Overpass
230,Nuke
231,Overpass
231,Inferno
232,Nuke
232,Ancient
233,Vertigo
233,Ancient
234,Overpass
234,Vertigo
235,Nuke
235,Inferno
236,Inferno
236,Mirage
237,Nuke
237,Vertigo
238,Vertigo
238,Ancient
239,Ancient
239,Anubis
240,Nuke
240,Mirage
241,Ancient
241,Overpass
242,Inferno
242,Mirage
243,Mnuke
243,Vertigo
244,Inferno
244,Mirage
245,Nuke
245,Vertigo
246,Anubis
246,Inferno
247,Ancient
247,Anubis
248,Ancient
248,Vertigo
249,Overpass
249,Inferno
250,Anubis
250,Overpass
251,Anubis
251,Nuke
252,Nuke
252,Vertigo
253,Nuke
253,Anubis
254,Nuke
254,Overpass
255,Ancient
255,Anubis
256,Nuke
256,Vertigo
257,Ancient
257,Nuke
258,Overpass
258,Mirage
259,Anubis
259,Mirage
260,Anubis
260,Mirage
261,Anubis
261,Overpass
262,Ancient
262,Anubis
263,Anubis
263,Mirage
264,Inferno
264,Nuke
265,Nuke
265,Mirage
266,Anubis
266,Inferno
267,Nuke
267,Overpass
268,Overpass
268,Vertigo
269,Mirage
269,Anubis
270,Inferno
270,Overpass
271,Nuke
271,Inferno
272,Nuke
272,Inferno
273,Anubis
273,Mirage
274,Anubis
274,Mirage
275,Overpass
275,Mirage
276,Inferno
276,Mirage
277,Inferno
277,Nuke
278,Nuke
278,Inferno
279,Ancient
279,Nuke
280,Ancient
280,Anubis
281,Anubis
281,Inferno
282,Overpass
282,Inferno
283,Nuke
283,Vertigo
284,Nuke
284,Overpass
285,Anubis
285,Nuke
286,Nuke
286,Vertigo
287,Anubis
287,Overpass
288,Anubis
288,Mirage
289,Inferno
289,Vertigo
290,Overpass
290,Inferno
291,Anubis
291,Mirage
292,
292,
293,Mirage
293,Vertigo
294,Ancient
294,Vertigo
295,Inferno
295,Mirage
296,Nuke
296,Inferno
297,Ancient
297,Vertigo
298,Nuke
298,Vertigo
299,Ancient
299,Inferno
300,Anubis
300,Inferno
301,Nuke
301,Inferno
302,Overpass
302,Anubis
303,Inferno
303,Mirage
304,Inferno
304,Mirage
305,Ancient
305,Mirage
306,Nuke
306,Overpass
307,Anubis
307,Overpass
308,Ancient
308,Mirage
309,Ancient
309,Anubis
310,Mirage
310,Overpass
311,Anubis
311,Ancient
312,Ancient
312,Overpass
313,Anubis
313,Vertigo
314,Ancient
314,Mirage
315,Nuke
315,Overpass
316,Nuke
316,Overpass
317,Inferno
317,Mirage
318,Ancient
318,Mirage
319,Mirage
319,Anubis
320,Ancient
320,Anubis
321,Anubis
321,Mirage
322,Ancient
322,Mirage
323,Overpass
323,Mirage
324,Ancient
324,Anubis
325,Vertigo
325,Nuke
326,Ancient
326,Inferno
327,Mirage
327,Overpass
328,Ancient
328,Vertigo
329,Nuke
329,Vertigo
330,Nuke
330,Inferno
331,Ancient
331,Nuke
332,Overpass
332,Mirage
