"","ID","PlayerID","Date","LocalTime","StandardTime","PickBan","WarmUp","Advantage","Map","StartSide","TKills","TAssists","TDeaths","CTKills","CTAssists","CTDeaths","Damage","ADR","HS","Result","Rank","Queue","Rating","AvgFriendly","AvgEnemy","AverageOverall","Comments","KASTPercentage","GamesToday","LossStreak","WinStreak","LeetifyRating","LeetifyPosition","LeetifyAim","LeetifyUtility","gamesTest","SID","eloDiff","MTime","dayDifference","TotalKills","TotalAssists","TotalDeaths","AvgDelta","KDR"
"1",1,1,2023-10-02,1899-12-31 11:25:00,1899-12-31 11:25:00,"Second","None","Neither","Nuke","CT",8,1,6,6,2,6,1420,67,35,"Win",3739,1,NA,NA,NA,NA,NA,NA,1,0,1,NA,NA,NA,NA,NA,"Prem 1",201,11:25:00,NA,14,3,12,NA,1.16666666666667
"2",2,1,2023-10-03,1899-12-31 11:34:00,1899-12-31 11:34:00,"Second","None","Us","Anubis","CT",0,3,5,5,4,10,925,40,20,"Win",3940,1,NA,NA,NA,NA,NA,NA,1,0,2,NA,NA,NA,NA,1,"Prem 2",59,11:34:00,1,5,7,15,NA,0.333333333333333
"3",3,1,2023-10-03,1899-12-31 20:31:00,1899-12-31 20:31:00,"Second","AimLabs","Us","Overpass","T",3,2,10,2,2,4,892,55,40,"Loss",3999,1,NA,NA,NA,NA,NA,NA,2,1,0,NA,NA,NA,NA,2,"Prem 3",0,20:31:00,0,5,4,14,NA,0.357142857142857
"4",6,1,2023-10-04,1899-12-31 10:31:00,1899-12-31 10:31:00,"First","None","Neither","Vertigo","T",8,3,10,5,4,7,1683,84,23,"Loss",3999,1,NA,NA,NA,NA,NA,NA,1,4,0,NA,NA,NA,NA,1,"Prem 6",0,10:31:00,1,13,7,17,NA,0.764705882352941
"5",11,1,2023-10-05,1899-12-31 21:52:00,1899-12-31 21:52:00,"Second","None","Us","Ancient","CT",4,4,4,6,1,11,890,46,0,"Loss",4000,1,NA,NA,NA,NA,NA,NA,2,4,0,NA,NA,NA,NA,2,"Prem 11",0,21:52:00,0,10,5,15,NA,0.666666666666667
"6",14,1,2023-10-06,1899-12-31 15:53:00,1899-12-31 15:53:00,"First","AimLabs","Neither","Overpass","CT",5,3,4,11,7,7,1974,116,31,"Win",4000,1,NA,NA,NA,NA,NA,NA,1,0,1,NA,NA,NA,NA,1,"Prem 14",112,15:53:00,1,16,10,11,NA,1.45454545454545
"7",15,1,2023-10-08,1899-12-31 10:23:00,1899-12-31 10:23:00,"Second","None","Them","Vertigo","T",7,4,11,1,1,4,1068,66,37,"Loss",4112,1,NA,NA,NA,NA,NA,NA,1,1,0,NA,NA,NA,NA,1,"Prem 15",-112,10:23:00,2,8,5,15,NA,0.533333333333333
"8",16,1,2023-10-08,1899-12-31 10:57:00,1899-12-31 10:57:00,"Second","None","Us","Overpass","CT",5,1,3,5,4,7,1308,72,40,"Win",4000,1,NA,NA,NA,NA,NA,NA,2,0,1,NA,NA,NA,NA,2,"Prem 16",107,10:57:00,0,10,5,10,NA,1
"9",17,1,2023-10-08,1899-12-31 11:28:00,1899-12-31 11:28:00,"First","None","Us","Anubis","T",9,2,7,8,2,8,2128,92,23,"Loss",4107,1,NA,NA,NA,NA,NA,NA,3,1,0,NA,NA,NA,NA,2,"Prem 17",-107,11:28:00,0,17,4,15,NA,1.13333333333333
"10",18,1,2023-10-08,1899-12-31 21:25:00,1899-12-31 21:25:00,"First","None","Them","Mirage","T",1,4,11,1,2,4,737,100,43,"Loss",4000,1,NA,NA,NA,NA,NA,NA,4,2,0,NA,NA,NA,NA,2,"Prem 18",0,21:25:00,0,2,6,15,NA,0.133333333333333
"11",19,1,2023-10-08,1899-12-31 21:55:00,1899-12-31 21:55:00,"First","None","Us","Mirage","T",4,5,11,9,1,11,1368,45,23,"Tie",4000,1,NA,NA,NA,NA,NA,NA,5,0,0,NA,NA,NA,NA,2,"Prem 19",53,21:55:00,0,13,6,22,NA,0.590909090909091
"12",20,1,2023-10-08,1899-12-31 22:47:00,1899-12-31 22:47:00,"First","None","Neither","Inferno","T",13,4,6,10,3,10,2742,97,39,"Win",4053,1,NA,NA,NA,NA,NA,NA,6,0,1,NA,NA,NA,NA,2,"Prem 20",115,22:47:00,0,23,7,16,NA,1.4375
"13",21,1,2023-10-09,1899-12-31 10:27:00,1899-12-31 10:27:00,"Second","AimLabs","Them","Vertigo","T",4,1,9,6,2,9,1318,54,40,"Win",4168,1,NA,NA,NA,NA,NA,NA,1,0,2,NA,NA,NA,NA,1,"Prem 21",103,10:27:00,1,10,3,18,NA,0.555555555555556
"14",26,1,2023-10-11,1899-12-31 10:22:00,1899-12-31 10:22:00,"First","AimLabs","Us","Mirage","CT",3,3,10,5,6,9,1246,51,12,"Loss",4000,1,NA,NA,NA,NA,NA,NA,1,3,0,NA,NA,NA,NA,1,"Prem 26",-387,10:22:00,1,8,9,19,NA,0.421052631578947
"15",27,1,2023-10-11,1899-12-31 11:15:00,1899-12-31 11:15:00,"First","AimLabs","Us","Inferno","T",6,5,9,2,1,1,976,57,12,"Win",3613,1,NA,NA,NA,NA,NA,NA,2,0,1,NA,NA,NA,NA,2,"Prem 27",137,11:15:00,0,8,6,10,NA,0.8
"16",29,1,2023-10-14,1899-12-31 19:17:00,1899-12-31 19:17:00,"Second","None","Us","Anubis","CT",5,2,5,8,2,8,1474,77,30,"Loss",3750,1,NA,NA,NA,NA,NA,NA,2,2,0,NA,NA,NA,NA,2,"Prem 29",0,19:17:00,0,13,4,13,NA,1
"17",33,1,2023-10-15,1899-12-31 11:26:00,1899-12-31 11:26:00,"First","None","Us","Mirage","T",11,4,9,10,3,7,1768,76,23,"Loss",3973,1,NA,NA,NA,NA,NA,NA,2,1,0,NA,NA,NA,NA,2,"Prem 33",0,11:26:00,0,21,7,16,NA,1.3125
"18",34,1,2023-10-15,1899-12-31 15:37:00,1899-12-31 15:37:00,"Second","AimLabs","Us","Nuke","CT",0,1,2,8,3,11,1068,76,25,"Loss",3973,1,NA,NA,NA,NA,NA,NA,3,2,0,NA,NA,NA,NA,2,"Prem 34",0,15:37:00,0,8,4,13,NA,0.615384615384615
"19",35,1,2023-10-15,1899-12-31 18:31:00,1899-12-31 18:31:00,"First","None","Us","Vertigo","T",14,3,11,10,5,7,2208,100,29,"Loss",3973,1,NA,NA,NA,NA,NA,NA,4,3,0,NA,NA,NA,NA,2,"Prem 35",0,18:31:00,0,24,8,18,NA,1.33333333333333
"20",36,1,2023-10-15,1899-12-31 19:15:00,1899-12-31 19:15:00,"First","None","Us","Overpass","T",9,3,6,3,2,9,1394,63,25,"Loss",3973,1,NA,NA,NA,NA,NA,NA,5,4,0,NA,NA,NA,NA,2,"Prem 36",0,19:15:00,0,12,5,15,NA,0.8
"21",37,1,2023-10-15,1899-12-31 20:37:00,1899-12-31 20:37:00,"First","None","Us","Nuke","T",8,3,8,4,2,7,1664,83,26,"Loss",3973,1,NA,NA,NA,NA,NA,NA,6,5,0,NA,NA,NA,NA,2,"Prem 37",0,20:37:00,0,12,5,15,NA,0.8
"22",38,1,2023-10-15,1899-12-31 21:34:00,1899-12-31 21:34:00,"Second","AimLabs","Us","Overpass","CT",5,5,6,12,2,5,1975,98,29,"Win",3973,1,NA,NA,NA,NA,NA,NA,7,0,1,NA,NA,NA,NA,2,"Prem 38",106,21:34:00,0,17,7,11,NA,1.54545454545455
"23",39,1,2023-10-15,1899-12-31 22:42:00,1899-12-31 22:42:00,"First","AimLabs","Us","Mirage","CT",4,1,3,14,4,6,1833,114,11,"Win",4079,1,NA,NA,NA,NA,NA,NA,8,0,2,NA,NA,NA,NA,2,"Prem 39",116,22:42:00,0,18,5,9,NA,2
"24",40,1,2023-10-15,1899-12-31 23:42:00,1899-12-31 23:42:00,"Second","None","Us","Mirage","CT",1,3,3,7,1,5,907,56,25,"Win",4195,1,NA,NA,NA,NA,NA,NA,9,0,3,NA,NA,NA,NA,2,"Prem 40",118,23:42:00,0,8,4,8,NA,1
"25",45,1,2023-10-16,1899-12-31 19:42:00,1899-12-31 19:42:00,"First","AimLabs","Us","Overpass","T",12,2,7,10,3,11,2067,86,4,"Loss",4049,1,NA,NA,NA,NA,NA,NA,4,2,0,NA,NA,NA,NA,2,"Prem 45",-498,19:42:00,0,22,5,18,NA,1.22222222222222
"26",46,1,2023-10-16,1899-12-31 20:35:00,1899-12-31 20:35:00,"Second","None","Us","Mirage","CT",4,0,5,13,2,8,2095,116,17,"Loss",3551,1,NA,NA,NA,NA,NA,NA,5,3,0,NA,NA,NA,NA,2,"Prem 46",0,20:35:00,0,17,2,13,NA,1.30769230769231
"27",47,1,2023-10-16,1899-12-31 21:17:00,1899-12-31 21:17:00,"First","None","Them","Mirage","T",10,2,13,13,4,7,2606,96,39,"Win",3551,1,NA,NA,NA,NA,NA,NA,6,0,1,NA,NA,NA,NA,2,"Prem 47",115,21:17:00,0,23,6,20,NA,1.15
"28",48,1,2023-10-17,1899-12-31 16:14:00,1899-12-31 16:14:00,"Second","None","Us","Overpass","CT",15,7,9,8,2,11,2358,84,13,"Win",3666,1,NA,NA,NA,NA,NA,NA,1,0,2,NA,NA,NA,NA,1,"Prem 48",110,16:14:00,1,23,9,20,NA,1.15
"29",50,1,2023-10-17,1899-12-31 22:04:00,1899-12-31 22:04:00,"Second","None","Us","Nuke","T",4,3,11,1,4,6,1074,59,40,"Loss",3776,1,NA,NA,NA,NA,NA,NA,3,2,0,NA,NA,NA,NA,2,"Prem 50",0,22:04:00,0,5,7,17,NA,0.294117647058824
"30",52,1,2023-10-17,1899-12-31 23:27:00,1899-12-31 23:27:00,"First","AimLabs","Us","Mirage","T",9,4,7,4,2,5,1463,78,7,"Win",3897,1,NA,NA,NA,NA,NA,NA,5,0,2,NA,NA,NA,NA,2,"Prem 52",113,23:27:00,0,13,6,12,NA,1.08333333333333
"31",53,1,2023-10-21,1899-12-31 15:09:00,1899-12-31 15:09:00,"Second","None","Us","Vertigo","CT",2,3,7,6,2,9,1670,69,37,"Win",4010,1,NA,NA,NA,NA,NA,NA,1,0,3,NA,NA,NA,NA,1,"Prem 53",124,15:09:00,4,8,5,16,NA,0.5
"32",54,1,2023-10-21,1899-12-31 18:00:00,1899-12-31 18:00:00,"First","None","Neither","Vertigo","T",18,5,4,4,7,7,2450,122,31,"Win",4134,1,NA,NA,NA,NA,NA,NA,2,0,4,NA,NA,NA,NA,2,"Prem 54",113,18:00:00,0,22,12,11,NA,2
"33",55,1,2023-10-21,1899-12-31 18:51:00,1899-12-31 18:51:00,"First","AimLabs","Them","Inferno","T",12,3,7,7,0,6,2007,91,42,"Win",4247,1,NA,NA,NA,NA,NA,NA,3,0,5,NA,NA,NA,NA,2,"Prem 55",105,18:51:00,0,19,3,13,NA,1.46153846153846
"34",56,1,2023-10-21,1899-12-31 19:36:00,1899-12-31 19:36:00,"Second","None","Us","Ancient","CT",9,1,5,5,2,11,1560,79,7,"Loss",4352,1,NA,NA,NA,NA,NA,NA,4,1,0,NA,NA,NA,NA,2,"Prem 56",-307,19:36:00,0,14,3,16,NA,0.875
"35",58,1,2023-10-22,1899-12-31 16:09:00,1899-12-31 16:09:00,"Second","None","Us","Inferno","CT",1,2,3,9,1,10,1016,67,30,"Loss",4145,1,NA,NA,NA,NA,NA,NA,2,1,0,NA,NA,NA,NA,2,"Prem 58",-117,16:09:00,0,10,3,13,NA,0.769230769230769
"36",60,1,2023-10-22,1899-12-31 19:11:00,1899-12-31 19:11:00,"First","AimLabs","Neither","Inferno","CT",8,3,10,10,2,11,1601,60,22,"Win",3868,1,NA,NA,NA,NA,NA,NA,4,0,1,NA,NA,NA,NA,2,"Prem 60",116,19:11:00,0,18,5,21,NA,0.857142857142857
"37",61,1,2023-10-22,1899-12-31 20:37:00,1899-12-31 20:37:00,"First","AimLabs","Them","Mirage","T",4,2,10,10,2,5,1752,97,21,"Loss",3984,1,NA,NA,NA,NA,NA,NA,5,1,0,NA,NA,NA,NA,2,"Prem 61",0,20:37:00,0,14,4,15,NA,0.933333333333333
"38",65,1,2023-10-23,1899-12-31 10:30:00,1899-12-31 10:30:00,"Second","None","Them","Overpass","CT",4,3,10,7,4,12,1504,62,27,"Loss",4086,1,NA,NA,NA,NA,NA,NA,1,1,0,NA,NA,NA,NA,1,"Prem 65",-475,10:30:00,1,11,7,22,NA,0.5
"39",66,1,2023-10-23,1899-12-31 11:21:00,1899-12-31 11:21:00,"First","None","Us","Overpass","T",8,5,6,6,3,6,1621,77,21,"Win",3611,1,NA,NA,NA,NA,NA,NA,2,0,1,NA,NA,NA,NA,2,"Prem 66",118,11:21:00,0,14,8,12,NA,1.16666666666667
"40",68,1,2023-10-23,1899-12-31 22:08:00,1899-12-31 22:08:00,"First","None","Us","Vertigo","T",4,2,9,8,1,7,1270,63,8,"Win",3729,1,NA,NA,NA,NA,NA,NA,4,0,1,NA,NA,NA,NA,2,"Prem 68",102,22:08:00,0,12,3,16,NA,0.75
"41",69,1,2023-10-25,1899-12-31 11:22:00,1899-12-31 11:22:00,"First","AimLabs","Them","Anubis","CT",4,4,11,10,6,14,2067,69,42,"Tie",3831,1,NA,NA,NA,NA,NA,NA,1,0,0,NA,NA,NA,NA,1,"Prem 69",50,11:22:00,2,14,10,25,NA,0.56
"42",70,1,2023-10-25,1899-12-31 20:58:00,1899-12-31 20:58:00,"First","AimLabs","Us","Nuke","T",13,5,6,7,1,5,2047,107,20,"Win",3881,1,NA,NA,NA,NA,NA,NA,2,0,1,NA,NA,NA,NA,2,"Prem 70",117,20:58:00,0,20,6,11,NA,1.81818181818182
"43",71,1,2023-10-25,1899-12-31 21:28:00,1899-12-31 21:28:00,"Second","None","Us","Mirage","CT",8,5,10,10,1,8,2056,70,38,"Loss",3998,1,NA,NA,NA,NA,NA,NA,3,1,0,NA,NA,NA,NA,2,"Prem 71",0,21:28:00,0,18,6,18,NA,1
"44",72,1,2023-10-25,1899-12-31 22:59:00,1899-12-31 22:59:00,"Second","None","Neither","Mirage","CT",2,1,6,15,3,10,1627,90,11,"Loss",3998,1,NA,NA,NA,NA,NA,NA,4,2,0,NA,NA,NA,NA,2,"Prem 72",0,22:59:00,0,17,4,16,NA,1.0625
"45",73,1,2023-10-26,1899-12-31 22:16:00,1899-12-31 22:16:00,"Second","None","Us","Nuke","CT",9,4,11,7,2,13,1960,68,18,"Loss",3998,1,NA,NA,NA,NA,NA,NA,1,3,0,NA,NA,NA,NA,1,"Prem 73",0,22:16:00,1,16,6,24,NA,0.666666666666667
"46",74,1,2023-10-26,1899-12-31 23:14:00,1899-12-31 23:14:00,"First","AimLabs","Us","Ancient","T",5,4,6,7,1,5,1429,79,25,"Win",3998,1,NA,NA,NA,NA,NA,NA,2,0,1,NA,NA,NA,NA,2,"Prem 74",102,23:14:00,0,12,5,11,NA,1.09090909090909
"47",75,1,2023-10-26,1899-12-31 16:01:00,1899-12-31 16:01:00,"First","AimLabs","Us","Ancient","T",7,5,8,4,5,9,1670,72,36,"Win",4100,1,NA,NA,NA,NA,NA,NA,3,0,2,NA,NA,NA,NA,2,"Prem 75",103,16:01:00,0,11,10,17,NA,0.647058823529412
"48",76,1,2023-10-28,1899-12-31 15:37:00,1899-12-31 15:37:00,"First","None","Us","Vertigo","T",6,1,7,8,1,7,1346,70,35,"Loss",4203,1,NA,NA,NA,NA,NA,NA,1,1,0,NA,NA,NA,NA,1,"Prem 76",-527,15:37:00,2,14,2,14,NA,1
"49",77,1,2023-10-28,1899-12-31 16:11:00,1899-12-31 16:11:00,"Second","None","Us","Mirage","CT",3,0,5,4,8,8,1163,64,0,"Loss",3676,1,NA,NA,NA,NA,NA,NA,2,2,0,NA,NA,NA,NA,2,"Prem 77",0,16:11:00,0,7,8,13,NA,0.538461538461538
"50",78,1,2023-10-28,1899-12-31 21:45:00,1899-12-31 21:45:00,"First","None","Us","Mirage","T",9,1,10,7,5,7,1767,73,37,"Win",3676,1,NA,NA,NA,NA,NA,NA,3,0,1,NA,NA,NA,NA,2,"Prem 78",112,21:45:00,0,16,6,17,NA,0.941176470588235
"51",79,1,2023-10-28,1899-12-31 22:28:00,1899-12-31 22:28:00,"Second","None","Them","Ancient","CT",4,8,9,7,3,9,1660,76,16,"Loss",3788,1,NA,NA,NA,NA,NA,NA,4,1,0,NA,NA,NA,NA,2,"Prem 79",0,22:28:00,0,11,11,18,NA,0.611111111111111
"52",80,1,2023-10-28,1899-12-31 23:05:00,1899-12-31 23:05:00,"First","None","Us","Anubis","T",10,2,9,12,1,8,1715,71,18,"Loss",3788,1,NA,NA,NA,NA,NA,NA,5,2,0,NA,NA,NA,NA,2,"Prem 80",0,23:05:00,0,22,3,17,NA,1.29411764705882
"53",81,1,2023-10-29,1899-12-31 11:11:00,1899-12-31 11:11:00,"First","None","Us","Ancient","T",10,4,3,7,0,6,1668,87,5,"Win",3788,1,NA,NA,NA,NA,NA,NA,1,0,1,NA,NA,NA,NA,1,"Prem 81",120,11:11:00,1,17,4,9,NA,1.88888888888889
"54",85,1,2023-10-29,1899-12-31 19:18:00,1899-12-31 19:18:00,"Second","None","Us","Overpass","CT",6,4,12,10,4,11,1657,57,12,"Win",3908,1,NA,NA,NA,NA,NA,NA,5,0,1,NA,NA,NA,NA,2,"Prem 85",114,19:18:00,0,16,8,23,NA,0.695652173913043
"55",86,1,2023-10-29,1899-12-31 20:14:00,1899-12-31 20:14:00,"Second","None","Us","Overpass","CT",12,2,5,14,0,7,2524,105,19,"Win",4022,1,NA,NA,NA,NA,NA,NA,6,0,2,NA,NA,NA,NA,2,"Prem 86",110,20:14:00,0,26,2,12,NA,2.16666666666667
"56",87,1,2023-10-29,1899-12-31 21:13:00,1899-12-31 21:13:00,"Second","AimLabs","Them","Inferno","CT",3,1,6,12,4,7,1873,93,20,"Loss",4132,1,NA,NA,NA,NA,NA,NA,7,1,0,NA,NA,NA,NA,2,"Prem 87",-574,21:13:00,0,15,5,13,NA,1.15384615384615
"57",88,1,2023-10-29,1899-12-31 22:01:00,1899-12-31 22:01:00,"First","AimLabs","Us","Overpass","CT",2,1,4,8,8,7,1493,87,20,"Win",3558,1,NA,NA,NA,NA,NA,NA,8,0,1,NA,NA,NA,NA,2,"Prem 88",104,22:01:00,0,10,9,11,NA,0.909090909090909
"58",89,1,2023-10-29,1899-12-31 22:52:00,1899-12-31 22:52:00,"Second","AimLabs","Them","Mirage","CT",3,1,1,17,4,5,NA,121,15,"Win",3662,1,NA,NA,NA,NA,NA,NA,9,0,2,NA,NA,NA,NA,2,"Prem 89",122,22:52:00,0,20,5,6,NA,3.33333333333333
"59",90,1,2023-10-29,1899-12-31 23:32:00,1899-12-31 23:32:00,"Second","AimLabs","Us","Inferno","CT",11,4,3,11,2,8,2244,102,22,"Win",3784,1,NA,NA,NA,NA,NA,NA,10,0,3,NA,NA,NA,NA,2,"Prem 90",118,23:32:00,0,22,6,11,NA,2
"60",91,1,2023-10-31,1899-12-31 19:35:00,1899-12-31 19:35:00,"Second","None","Us","Vertigo","CT",4,2,7,8,5,8,1776,84,16,"Win",3902,1,NA,NA,NA,NA,NA,NA,1,0,4,NA,NA,NA,NA,1,"Prem 91",116,19:35:00,2,12,7,15,NA,0.8
"61",92,1,2023-10-31,1899-12-31 20:30:00,1899-12-31 20:30:00,"Second","AimLabs","Us","Inferno","CT",6,2,9,10,3,6,1497,62,37,"Win",4018,1,NA,NA,NA,NA,NA,NA,2,0,5,NA,NA,NA,NA,2,"Prem 92",106,20:30:00,0,16,5,15,NA,1.06666666666667
"62",93,1,2023-10-31,1899-12-31 22:44:00,1899-12-31 22:44:00,"Second","AimLabs","Us","Anubis","T",4,6,10,4,0,5,1202,70,12,"Loss",4124,1,NA,NA,NA,NA,NA,NA,3,1,0,NA,NA,NA,NA,2,"Prem 93",-249,22:44:00,0,8,6,15,NA,0.533333333333333
"63",94,1,2023-10-31,1899-12-31 23:16:00,1899-12-31 23:16:00,"First","None",NA,"Nuke","T",8,3,9,8,5,10,1753,76,18,"Loss",3875,1,NA,NA,NA,NA,NA,NA,4,2,0,NA,NA,NA,NA,2,"Prem 94",0,23:16:00,0,16,8,19,NA,0.842105263157895
"64",98,1,2023-11-03,1899-12-31 21:34:00,1899-12-31 21:34:00,"First","None","Us","Nuke","CT",3,2,6,10,1,4,1253,69,7,"Win",3875,1,NA,NA,NA,NA,NA,NA,1,0,1,NA,NA,NA,NA,1,"Prem 98",109,21:34:00,1,13,3,10,NA,1.3
"65",99,1,2023-11-03,1899-12-31 22:20:00,1899-12-31 22:20:00,"Second","AimLabs","Us","Anubis","T",7,3,5,4,2,7,1465,69,18,"Win",3984,1,NA,NA,NA,NA,NA,NA,2,0,2,NA,NA,NA,NA,2,"Prem 99",113,22:20:00,0,11,5,12,NA,0.916666666666667
"66",103,1,2023-11-04,1899-12-31 22:35:00,1899-12-31 22:35:00,"First","None","Us","Ancient","T",13,2,8,11,2,8,2553,106,20,"Loss",3755,1,NA,NA,NA,NA,NA,NA,3,1,0,NA,NA,NA,NA,2,"Prem 103",0,22:35:00,0,24,4,16,NA,1.5
"67",104,1,2023-11-04,1899-12-31 23:20:00,1899-12-31 23:20:00,"First","None","Them","Inferno","T",11,0,9,1,2,7,1233,61,18,"Loss",3755,1,NA,NA,NA,NA,NA,NA,4,2,0,NA,NA,NA,NA,2,"Prem 104",0,23:20:00,0,12,2,16,NA,0.75
"68",108,1,2023-11-05,1899-12-31 15:48:00,1899-12-31 15:48:00,"First","AimLabs","Us","Anubis","T",10,6,7,5,2,5,1548,86,13,"Win",3983,1,NA,NA,NA,NA,NA,NA,4,0,1,NA,NA,NA,NA,2,"Prem 108",107,15:48:00,0,15,8,12,NA,1.25
"69",109,1,2023-11-05,1899-12-31 16:34:00,1899-12-31 16:34:00,"Second","AimLabs","Us","Vertigo","T",8,4,9,9,2,5,1891,90,41,"Win",4090,1,NA,NA,NA,NA,NA,NA,5,0,2,NA,NA,NA,NA,2,"Prem 109",106,16:34:00,0,17,6,14,NA,1.21428571428571
"70",119,1,2023-11-08,1899-12-31 11:06:00,1899-12-31 11:06:00,"Second","AimLabs","Them","Nuke","CT",8,1,2,10,3,8,1669,92,27,"Win",4745,1,NA,NA,NA,NA,NA,NA,1,0,1,NA,NA,NA,NA,1,"Prem 119",254,11:06:00,1,18,4,10,NA,1.8
"71",122,1,2023-11-09,1899-12-31 00:12:00,1899-12-31 00:12:00,"Second","AimLabs","Them","Overpass","CT",7,0,2,11,3,9,1776,88,21,"Win",5000,1,1.53,4665,4420,4642,NA,NA,1,0,1,NA,NA,NA,NA,1,"Prem 122",361,00:12:00,1,18,3,11,245,1.63636363636364
"72",123,1,2023-11-09,1899-12-31 21:55:00,1899-12-31 21:55:00,"First","None","Them","Nuke","T",11,4,12,9,8,11,2564,91,5,"Loss",5361,1,1.23,5108,4978,5171,NA,NA,2,1,0,NA,NA,NA,NA,2,"Prem 123",-105,21:55:00,0,20,12,23,130,0.869565217391304
"73",126,1,2023-11-10,1899-12-31 16:00:00,1899-12-31 16:00:00,"First","AimLabs","Us","Mirage","T",14,1,4,13,1,7,2381,108,22,"Win",5266,1,1.79,4669,4104,4459,NA,NA,1,0,1,NA,NA,NA,NA,1,"Prem 126",105,16:00:00,1,27,2,11,565,2.45454545454545
"74",130,1,2023-11-11,1899-12-31 16:16:00,1899-12-31 16:16:00,"Second","None","Us","Inferno","CT",4,5,9,8,0,11,1880,70,33,"Loss",5630,1,0.78,4684,4802,4859,NA,NA,1,2,0,NA,NA,NA,NA,1,"Prem 130",-168,16:16:00,1,12,5,20,-118,0.6
"75",131,1,2023-11-11,1899-12-31 17:15:00,1899-12-31 17:15:00,"Second","AimLabs","Us","Mirage","CT",3,0,7,7,1,9,927,48,0,"Loss",5462,1,0.58,4988,4991,5029,NA,NA,2,3,0,NA,NA,NA,NA,2,"Prem 131",-209,17:15:00,0,10,1,16,-3,0.625
"76",135,1,2023-11-12,1899-12-31 11:24:00,1899-12-31 11:24:00,"First","None","Them","Mirage","CT",7,3,13,14,3,10,2016,67,14,"Tie",5113,1,0.98,4882,4736,4795,NA,NA,1,0,0,NA,NA,NA,NA,1,"Prem 135",54,11:24:00,1,21,6,23,146,0.91304347826087
"77",136,1,2023-11-12,1899-12-31 19:42:00,1899-12-31 19:42:00,"First","AimLabs","Us","Nuke","T",4,5,9,8,4,9,1393,60,16,"Win",5167,1,0.88,4251,4689,4511,NA,NA,2,0,1,NA,NA,NA,NA,2,"Prem 136",113,19:42:00,0,12,9,18,-438,0.666666666666667
"78",137,1,2023-11-12,1899-12-31 20:32:00,1899-12-31 20:32:00,"Second","None","Us","Nuke","T",9,5,7,8,4,7,2138,97,17,"Win",5280,1,1.24,4836,4388,4870,NA,NA,3,0,2,NA,NA,NA,NA,2,"Prem 137",108,20:32:00,0,17,9,14,448,1.21428571428571
"79",138,1,2023-11-12,1899-12-31 21:13:00,1899-12-31 21:13:00,"Second","None","Us","Anubis","T",5,5,11,5,2,6,1091,60,20,"Loss",5388,1,0.76,4956,5048,5047,NA,NA,4,1,0,NA,NA,NA,NA,2,"Prem 138",-149,21:13:00,0,10,7,17,-92,0.588235294117647
"80",139,1,2023-11-12,1899-12-31 22:02:00,1899-12-31 22:02:00,"Second","AimLabs","Us","Nuke","CT",3,1,0,10,4,5,1437,89,23,"Win",5239,1,1.57,6025,5890,6058,NA,NA,5,0,1,NA,NA,NA,NA,2,"Prem 139",114,22:02:00,0,13,5,5,135,2.6
"81",140,1,2023-11-12,1899-12-31 22:33:00,1899-12-31 22:33:00,"Second","None","Us","Inferno","CT",5,3,3,11,0,7,1481,82,37,"Win",5353,1,1.43,5025,5898,5349,NA,NA,6,0,2,NA,NA,NA,NA,2,"Prem 140",166,22:33:00,0,16,3,10,-873,1.6
"82",141,1,2023-11-12,1899-12-31 23:12:00,1899-12-31 23:12:00,"First","None","Us","Overpass","T",2,0,10,8,5,8,1468,69,0,"Loss",5519,1,0.72,5348,5646,5523,NA,NA,7,1,0,NA,NA,NA,NA,2,"Prem 141",-103,23:12:00,0,10,5,18,-298,0.555555555555556
"83",142,1,2023-11-14,1899-12-31 23:44:00,1899-12-31 23:44:00,"Second","None","Us","Nuke","CT",10,2,9,11,2,7,1978,82,14,"Loss",5416,1,1.19,7471,5643,6672,NA,NA,1,2,0,NA,NA,NA,NA,1,"Prem 142",-107,23:44:00,2,21,4,16,1828,1.3125
"84",143,1,2023-11-15,1899-12-31 11:05:00,1899-12-31 11:05:00,"First","None","Us","Ancient","CT",3,2,2,17,5,7,1879,117,20,"Win",5309,1,2,4925,5086,5153,NA,NA,1,0,1,NA,NA,NA,NA,1,"Prem 143",361,11:05:00,1,20,7,9,-161,2.22222222222222
"85",145,1,2023-11-15,1899-12-31 23:12:00,1899-12-31 23:12:00,"Second","AimLabs","Them","Nuke","T",6,5,7,6,3,8,1862,88,16,"Loss",6030,1,0.96,5385,6488,6036,NA,NA,3,1,0,NA,NA,NA,NA,2,"Prem 145",-107,23:12:00,0,12,8,15,-1103,0.8
"86",146,1,2023-11-15,1899-12-31 00:01:00,1899-12-31 00:01:00,"First","AimLabs","Neither","Vertigo","T",8,4,8,13,2,8,1843,76,14,"Win",5923,1,1.31,4685,5645,5277,NA,NA,4,0,1,NA,NA,NA,NA,2,"Prem 146",353,00:01:00,0,21,6,16,-960,1.3125
"87",147,1,2023-11-20,1899-12-31 11:13:00,1899-12-31 11:13:00,"Second","AimLabs","Them","Ancient","CT",6,4,7,7,3,6,1461,69,30,"Win",6276,1,1.08,5226,6550,5962,NA,NA,1,0,2,NA,NA,NA,NA,1,"Prem 147",356,11:13:00,5,13,7,13,-1324,1
"88",149,1,2023-11-20,1899-12-31 22:59:00,1899-12-31 22:59:00,"First","AimLabs","Neither","Nuke","T",10,2,8,8,3,9,2103,87,16,"Win",6998,1,1.18,7612,8806,8297,NA,NA,3,0,4,NA,NA,NA,NA,2,"Prem 149",350,22:59:00,0,18,5,17,-1194,1.05882352941176
"89",154,1,2023-11-21,1899-12-31 20:55:00,1899-12-31 20:55:00,"Second","AimLabs","Us","Anubis","T",9,2,9,4,1,6,1547,81,0,"Loss",7837,1,0.97,7912,6126,7135,NA,NA,4,1,0,NA,NA,NA,NA,2,"Prem 154",-117,20:55:00,0,13,3,15,1786,0.866666666666667
"90",155,1,2023-11-21,1899-12-31 21:34:00,1899-12-31 21:34:00,"First","AimLabs","Us","Mirage","CT",2,9,6,4,7,8,1325,57,50,"Win",7720,1,0.7,7808,5605,6764,NA,NA,5,0,1,NA,NA,NA,NA,2,"Prem 155",367,21:34:00,0,6,16,14,2203,0.428571428571429
"91",156,1,2023-11-21,1899-12-31 22:16:00,1899-12-31 22:16:00,"Second","None",NA,"Inferno","CT",2,5,8,6,2,10,1287,53,37,"Win",8087,1,0.55,8148,6863,7633,NA,NA,6,0,2,NA,NA,NA,NA,2,"Prem 156",369,22:16:00,0,8,7,18,1285,0.444444444444444
"92",164,1,2023-11-28,1899-12-31 20:48:00,1899-12-31 20:48:00,"Second","AimLabs","Them","Nuke","CT",13,5,12,14,3,14,2654,88,22,"Loss",8419,1,1.25,6856,7341,7081,NA,NA,1,3,0,NA,NA,NA,NA,1,"Prem 164",-510,20:48:00,2,27,8,26,-485,1.03846153846154
"93",165,1,2023-11-28,1899-12-31 21:49:00,1899-12-31 21:49:00,"Second","AimLabs","Us","Ancient","CT",12,6,10,13,2,13,2883,96,20,"Win",7909,1,1.22,7231,8069,7692,NA,NA,2,0,1,NA,NA,NA,NA,2,"Prem 165",123,21:49:00,0,25,8,23,-838,1.08695652173913
"94",166,1,2023-11-28,1899-12-31 22:53:00,1899-12-31 22:53:00,"Second","AimLabs","Us","Mirage","CT",7,1,8,6,0,6,1092,47,15,"Win",8032,1,0.96,7792,6338,7056,NA,NA,3,0,2,NA,NA,NA,NA,2,"Prem 166",143,22:53:00,0,13,1,14,1454,0.928571428571429
"95",167,1,2023-11-28,1899-12-31 23:34:00,1899-12-31 23:34:00,"First","None","Us","Mirage","T",5,1,8,10,1,6,1585,68,33,"Loss",8175,1,1.04,6838,7895,7489,NA,NA,4,1,0,NA,NA,NA,NA,2,"Prem 167",-116,23:34:00,0,15,2,14,-1057,1.07142857142857
"96",168,1,2023-11-29,1899-12-31 21:53:00,1899-12-31 21:53:00,"Second","None","Us","Vertigo","T",7,7,10,1,2,7,1064,53,25,"Loss",8059,1,0.68,6238,7333,6948,NA,NA,1,2,0,NA,NA,NA,NA,1,"Prem 168",-138,21:53:00,1,8,9,17,-1095,0.470588235294118
"97",169,1,2023-11-29,1899-12-31 22:29:00,1899-12-31 22:29:00,"Second","None","Neither","Nuke","T",5,3,12,12,4,4,2030,84,29,"Win",7921,1,1.23,7738,6605,7138,NA,NA,2,0,1,NA,NA,NA,NA,2,"Prem 169",112,22:29:00,0,17,7,16,1133,1.0625
"98",172,1,2023-11-30,1899-12-31 21:51:00,1899-12-31 21:51:00,"First","AimLabs","Us","Inferno","T",7,4,10,4,3,8,1597,65,18,"Loss",8413,1,0.86,7215,7127,7512,NA,NA,1,1,0,NA,NA,NA,NA,1,"Prem 172",-111,21:51:00,1,11,7,18,88,0.611111111111111
"99",173,1,2023-11-30,1899-12-31 22:36:00,1899-12-31 22:36:00,"First","None","Us","Mirage","T",11,1,8,12,1,6,2194,95,21,"Loss",8302,1,1.43,7714,6607,7327,NA,NA,2,2,0,NA,NA,NA,NA,2,"Prem 173",-121,22:36:00,0,23,2,14,1107,1.64285714285714
"100",174,1,2023-11-30,1899-12-31 23:24:00,1899-12-31 23:24:00,"First","AimLabs","Them","Vertigo","T",12,3,9,4,8,8,1915,79,18,"Win",8181,1,1.14,7458,7517,7745,NA,NA,3,0,1,NA,NA,NA,NA,2,"Prem 174",539,23:24:00,0,16,11,17,-59,0.941176470588235
"101",177,1,2023-12-02,1899-12-31 00:21:00,1899-12-31 00:21:00,"First","AimLabs","Us","Mirage","T",8,0,10,7,6,9,1841,76,26,"Win",9092,1,0.97,9651,9828,9862,NA,NA,1,0,2,NA,NA,NA,NA,1,"Prem 177",496,00:21:00,1,15,6,19,-177,0.789473684210526
"102",188,1,2023-12-05,1899-12-31 21:09:00,1899-12-31 21:09:00,"Second","AimLabs","Them","Mirage","CT",7,5,9,12,2,10,2451,81,47,"Loss",10531,1,1,9533,9405,9592,NA,NA,2,1,0,NA,NA,NA,NA,2,"Prem 188",-122,21:09:00,0,19,7,19,128,1
"103",189,1,2023-12-05,1899-12-31 22:20:00,1899-12-31 22:20:00,"First","AimLabs","Us","Ancient","T",8,5,11,13,1,8,2070,90,28,"Loss",10409,1,1.3,9927,7493,8914,NA,NA,3,2,0,NA,NA,NA,NA,2,"Prem 189",-106,22:20:00,0,21,6,19,2434,1.10526315789474
"104",190,1,2023-12-05,1899-12-31 23:10:00,1899-12-31 23:10:00,"Second","AimLabs","Us","Nuke","CT",8,4,10,5,3,11,1876,78,46,"Win",10303,1,0.77,9840,10838,10431,NA,NA,4,0,1,NA,NA,NA,NA,2,"Prem 190",370,23:10:00,0,13,7,21,-998,0.619047619047619
"105",192,1,2023-12-05,1899-12-31 23:31:00,1899-12-31 23:31:00,"First","AimLabs","Them","Anubis","CT",5,6,10,9,3,9,1726,71,21,"Loss",10549,1,0.96,10510,11866,11180,NA,NA,6,2,0,NA,NA,NA,NA,2,"Prem 192",-107,23:31:00,0,14,9,19,-1356,0.736842105263158
"106",193,1,2023-12-07,1899-12-31 21:47:00,1899-12-31 21:47:00,"First","AimLabs","Us","Mirage","CT",2,3,7,8,4,6,1394,63,30,"Loss",10442,1,0.87,9043,8785,9027,NA,NA,1,3,0,NA,NA,NA,NA,1,"Prem 193",-118,21:47:00,2,10,7,13,258,0.769230769230769
"107",194,1,2023-12-07,1899-12-31 22:42:00,1899-12-31 22:42:00,"First","AimLabs","Them","Ancient","T",10,4,12,15,4,8,2364,78,32,"Tie",10324,1,1.29,9418,8272,8913,NA,NA,2,0,0,NA,NA,NA,NA,2,"Prem 194",59,22:42:00,0,25,8,20,1146,1.25
"108",195,1,2023-12-07,1899-12-31 23:45:00,1899-12-31 23:45:00,"First","AimLabs","Them","Mirage","T",5,3,10,12,4,10,1880,78,23,"Loss",10383,1,0.97,9008,10289,9568,NA,NA,3,1,0,NA,NA,NA,NA,2,"Prem 195",-383,23:45:00,0,17,7,20,-1281,0.85
"109",198,1,2023-12-08,1899-12-31 22:42:00,1899-12-31 22:42:00,"Second","None","Us","Vertigo","CT",9,4,2,7,3,8,1897,103,43,"Win",10000,1,1.48,8998,9325,9201,NA,NA,3,0,1,NA,NA,NA,NA,2,"Prem 198",116,22:42:00,0,16,7,10,-327,1.6
"110",199,1,2023-12-08,1899-12-31 23:16:00,1899-12-31 23:16:00,"Second","None","Them","Nuke","T",4,8,10,6,3,8,1741,79,30,"Loss",10116,1,0.75,9154,8239,8763,NA,NA,4,1,0,NA,NA,NA,NA,2,"Prem 199",-116,23:16:00,0,10,11,18,915,0.555555555555556
"111",200,1,2023-12-09,1899-12-31 18:43:00,1899-12-31 18:43:00,"First","None","Them","Anubis","T",8,9,5,6,0,12,1799,78,14,"Loss",10000,1,1.04,9035,8052,8637,NA,NA,1,2,0,NA,NA,NA,NA,1,"Prem 200",-113,18:43:00,1,14,9,17,983,0.823529411764706
"112",201,1,2023-12-09,1899-12-31 20:39:00,1899-12-31 20:39:00,"Second","None","Us","Ancient","CT",12,3,7,19,5,7,2792,116,35,"Win",9887,1,1.91,8968,10390,9562,NA,NA,2,0,1,NA,NA,NA,NA,2,"Prem 201",112,20:39:00,0,31,8,14,-1422,2.21428571428571
"113",205,1,2023-12-10,1899-12-31 21:23:00,1899-12-31 21:23:00,"First","None","Us","Nuke","CT",8,0,5,10,2,9,1761,97,27,"Win",10098,1,1.49,9343,8268,8865,NA,NA,2,0,1,NA,NA,NA,NA,2,"Prem 205",118,21:23:00,0,18,2,14,1075,1.28571428571429
"114",223,1,2023-12-17,1899-12-31 19:23:00,1899-12-31 19:23:00,"First","None","Them","Nuke","CT",3,3,4,11,0,7,1185,56,42,"Win",9003,1,1.08,8944,8457,8457,NA,NA,4,0,1,NA,NA,NA,NA,2,"Prem 223",104,19:23:00,0,14,3,11,487,1.27272727272727
"115",227,1,2023-12-18,1899-12-31 18:06:00,1899-12-31 18:06:00,"Second","AimLabs","Them","Ancient","CT",9,0,9,9,2,9,1795,81,27,"Loss",8379,1,1.14,8719,8759,8793,NA,NA,1,4,0,NA,NA,NA,NA,1,"Prem 227",-374,18:06:00,1,18,2,18,-40,1
"116",228,1,2023-12-18,1899-12-31 18:53:00,1899-12-31 18:53:00,"Second","None","Us","Vertigo","CT",6,2,4,12,2,10,1635,102,25,"Loss",8005,1,1.35,6179,6921,6423,NA,NA,2,5,0,NA,NA,NA,NA,2,"Prem 228",-255,18:53:00,0,18,4,14,-742,1.28571428571429
"117",229,1,2023-12-18,1899-12-31 19:29:00,1899-12-31 19:29:00,"First","AimLabs","Neither","Vertigo","T",7,3,6,3,0,2,1216,71,40,"Win",7750,1,1.21,7250,5680,6325,NA,NA,3,0,1,NA,NA,NA,NA,2,"Prem 229",113,19:29:00,0,10,3,8,1570,1.25
"118",230,1,2023-12-18,1899-12-31 21:20:00,1899-12-31 21:20:00,"First","AimLabs","Them","Mirage","T",6,3,11,7,3,5,1317,59,30,"Win",7863,1,0.84,7930,5951,6899,NA,NA,4,0,2,NA,NA,NA,NA,2,"Prem 230",113,21:20:00,0,13,6,16,1979,0.8125
"119",231,1,2023-12-18,1899-12-31 21:57:00,1899-12-31 21:57:00,"Second","None","Us","Ancient","CT",1,1,1,13,2,8,1339,83,21,"Win",7976,1,1.36,8412,8734,8621,NA,NA,5,0,3,NA,NA,NA,NA,2,"Prem 231",256,21:57:00,0,14,3,9,-322,1.55555555555556
"120",232,1,2023-12-19,1899-12-31 12:29:00,1899-12-31 12:29:00,"Second","AimLabs","Neither","Mirage","CT",10,2,4,6,6,7,1479,77,31,"Win",8232,1,1.39,7474,7443,7567,NA,NA,1,0,4,NA,NA,NA,NA,1,"Prem 232",361,12:29:00,1,16,8,11,31,1.45454545454545
"121",233,1,2023-12-19,1899-12-31 13:13:00,1899-12-31 13:13:00,"Second","AimLabs","Us","Mirage","CT",8,2,11,16,4,8,2360,98,37,"Loss",8593,1,1.39,8581,9646,9018,NA,NA,2,1,0,NA,NA,NA,NA,2,"Prem 233",-115,13:13:00,0,24,6,19,-1065,1.26315789473684
"122",234,1,2023-12-19,1899-12-31 20:21:00,1899-12-31 20:21:00,"First","None","Neither","Anubis","T",8,4,6,7,1,3,1566,82,33,"Win",8478,1,1.4,8029,8403,8331,NA,NA,3,0,1,NA,NA,NA,NA,2,"Prem 234",150,20:21:00,0,15,5,9,-374,1.66666666666667
"123",237,1,2023-12-20,1899-12-31 19:29:00,1899-12-31 19:29:00,"Second","AimLabs","Us","Anubis","CT",6,2,1,12,3,5,1945,114,22,"Win",8416,1,1.88,9495,9381,9517,NA,NA,1,0,1,NA,NA,NA,NA,1,"Prem 237",107,19:29:00,1,18,5,6,114,3
"124",238,1,2023-12-20,1899-12-31 20:25:00,1899-12-31 20:25:00,"Second","AimLabs","Us","Overpass","CT",0,0,0,11,3,2,1128,86,18,"Win",8523,1,1.64,8444,7005,7890,NA,NA,2,0,2,NA,NA,NA,NA,2,"Prem 238",179,20:25:00,0,11,3,2,1439,5.5
"125",242,1,2023-12-26,1899-12-31 19:35:00,1899-12-31 19:35:00,"First","None","Us","Nuke","T",9,5,6,12,2,8,2275,98,23,"Win",7719,1,1.45,7001,8456,7479,NA,NA,1,0,1,NA,NA,NA,NA,1,"Prem 242",112,19:35:00,2,21,7,14,-1455,1.5
"126",251,1,2023-12-29,1899-12-31 22:41:00,1899-12-31 22:41:00,"First","AimLabs","Them","Overpass","T",7,8,7,11,0,10,1889,78,44,"Loss",8662,1,1.23,9466,8960,9249,NA,NA,2,1,0,NA,NA,NA,NA,2,"Prem 251",-113,22:41:00,0,18,8,17,506,1.05882352941176
"127",252,1,2023-12-29,1899-12-31 23:29:00,1899-12-31 23:29:00,"Second","AimLabs","Them","Mirage","CT",2,0,5,6,3,10,951,55,37,"Loss",8549,1,0.58,8048,7639,7898,NA,NA,3,2,0,NA,NA,NA,NA,2,"Prem 252",-121,23:29:00,0,8,3,15,409,0.533333333333333
"128",253,1,2023-12-30,1899-12-31 18:37:00,1899-12-31 18:37:00,"First","AimLabs","Them","Overpass","T",10,2,9,4,3,7,1272,63,28,"Loss",8428,1,0.95,8881,7390,8172,NA,NA,1,3,0,NA,NA,NA,NA,1,"Prem 253",-344,18:37:00,1,14,5,16,1491,0.875
"129",255,1,2023-12-31,1899-12-31 21:06:00,1899-12-31 21:06:00,"First","AimLabs","Us","Mirage","CT",9,2,4,17,4,6,2603,130,46,"Win",7729,1,1.99,6634,6660,6705,NA,NA,1,0,1,NA,NA,NA,NA,1,"Prem 255",115,21:06:00,1,26,6,10,-26,2.6
"130",257,1,2023-12-31,1899-12-31 22:17:00,1899-12-31 22:17:00,"Second","None","Us","Overpass","CT",13,4,9,9,2,8,2301,95,36,"Win",7679,1,1.3,7640,7129,7359,NA,NA,3,0,1,NA,NA,NA,NA,2,"Prem 257",119,22:17:00,0,22,6,17,511,1.29411764705882
"131",262,1,2024-01-02,1899-12-31 20:02:00,1899-12-31 20:02:00,"Second","AimLabs","Them","Mirage","T",3,1,12,2,0,1,788,56,20,"Loss",8432,1,0.38,8329,7965,8218,NA,NA,1,2,0,NA,NA,NA,NA,1,"Prem 262",-113,20:02:00,1,5,1,13,364,0.384615384615385
"132",263,1,2024-01-02,1899-12-31 20:26:00,1899-12-31 20:26:00,"Second","None","Us","Inferno","CT",3,2,10,12,2,9,1382,57,13,"Loss",8319,1,0.87,7840,6147,7186,NA,NA,2,3,0,NA,NA,NA,NA,2,"Prem 263",-246,20:26:00,0,15,4,19,1693,0.789473684210526
"133",264,1,2024-01-03,1899-12-31 19:15:00,1899-12-31 19:15:00,"Second","AimLabs","Them","Mirage","CT",2,4,3,8,1,7,1366,80,30,"Win",8073,1,1.15,7025,6612,6836,NA,NA,1,0,1,NA,NA,NA,NA,1,"Prem 264",120,19:15:00,1,10,5,10,413,1
"134",276,1,2024-01-15,1899-12-31 20:00:00,1899-12-31 20:00:00,"Second","AimLabs","Them","Nuke","CT",13,NA,13,23,NA,8,3756,125,47,"Win",8396,1,1.79,9215,9273,9164,NA,NA,1,0,2,NA,NA,NA,NA,1,"Prem 276",354,20:00:00,2,36,NA,21,-58,1.71428571428571
"135",282,1,2024-01-28,1899-12-31 19:55:00,1899-12-31 19:55:00,"First","None","Them","Mirage","T",10,1,5,7,1,6,1590,79,29,"Win",8361,1,1.2,8599,8658,8591,NA,NA,1,0,1,NA,NA,NA,NA,1,"Prem 282",123,19:55:00,9,17,2,11,-59,1.54545454545455
"136",283,1,2024-01-28,1899-12-31 20:38:00,1899-12-31 20:38:00,"Second","None","Them","Inferno","CT",10,3,14,16,2,9,2554,85,26,"Tie",8484,1,1.23,7386,7470,7429,NA,NA,2,0,0,NA,NA,NA,NA,2,"Prem 283",-53,20:38:00,0,26,5,23,-84,1.1304347826087
"137",284,1,2024-01-29,1899-12-31 20:48:00,1899-12-31 20:48:00,"Second","None","Us","Vertigo","CT",2,0,0,11,3,4,1405,93,30,"Win",8431,1,1.67,7986,7838,7919,NA,NA,1,0,1,NA,NA,NA,NA,1,"Prem 284",104,20:48:00,1,13,3,4,148,3.25
"138",290,1,2024-02-05,1899-12-31 22:21:00,1899-12-31 22:21:00,"First","None","Neither","Ancient","T",5,4,3,6,3,4,1280,67,45,"Win",9304,1,1.15,11106,8500,9632,NA,NA,1,0,5,NA,NA,NA,NA,1,"Prem 290",367,22:21:00,6,11,7,7,2606,1.57142857142857
"139",297,1,2024-02-18,1899-12-31 23:34:00,1899-12-31 23:34:00,"Second","AimLabs","Them","Inferno","CT",2,2,5,12,1,10,1468,86,50,"Loss",10352,1,1.12,10808,11051,10977,NA,NA,1,1,0,NA,NA,NA,NA,1,"Prem 297",-102,23:34:00,3,14,3,15,-243,0.933333333333333
"140",298,1,2024-02-19,1899-12-31 00:15:00,1899-12-31 00:15:00,"Second","AimLabs","Us","Mirage","CT",5,6,8,8,4,9,1837,83,30,"Loss",10250,1,1.02,9502,9757,9640,NA,NA,1,2,0,NA,NA,NA,NA,1,"Prem 298",-103,00:15:00,1,13,10,17,-255,0.764705882352941
"141",303,1,2024-03-09,1899-12-31 19:20:00,1899-12-31 19:20:00,"First","None","Us","Ancient","T",11,NA,10,7,NA,7,1816,90,33,"Loss",10254,1,1.17,9998,9696,9941,NA,NA,1,1,0,NA,NA,NA,NA,1,"Prem 303",-124,19:20:00,13,18,NA,17,302,1.05882352941176
"142",307,1,2024-03-12,1899-12-31 23:26:00,1899-12-31 23:26:00,"Second","None","Us","Mirage","CT",3,2,8,9,1,5,1378,65,58,"Win",10736,1,0.94,10688,8219,10452,NA,NA,1,0,4,NA,NA,NA,NA,1,"Prem 307",237,23:26:00,3,12,3,13,2469,0.923076923076923
"143",308,1,2024-03-17,1899-12-31 20:18:00,1899-12-31 20:18:00,"Second","AimLabs","Us","Vertigo","CT",5,4,9,5,4,10,1442,65,60,"Win",10973,1,0.74,11109,11112,11131,NA,NA,1,0,5,NA,NA,NA,NA,1,"Prem 308",361,20:18:00,5,10,8,19,-3,0.526315789473684
"144",309,1,2024-03-17,1899-12-31 20:59:00,1899-12-31 20:59:00,"First","None","Neither","Mirage","T",10,1,12,7,1,10,1807,60,41,"Loss",11334,1,0.78,11211,11502,11363,NA,NA,2,1,0,NA,NA,NA,NA,2,"Prem 309",-105,20:59:00,0,17,2,22,-291,0.772727272727273
"145",310,1,2024-03-17,1899-12-31 21:56:00,1899-12-31 21:56:00,"First","None","Neither","Ancient","T",5,3,9,13,6,9,1929,80,44,"Loss",11229,1,1.23,11826,11847,11902,NA,NA,3,2,0,NA,NA,NA,NA,2,"Prem 310",-121,21:56:00,0,18,9,18,-21,1
"146",311,1,2024-03-17,1899-12-31 22:40:00,1899-12-31 22:40:00,"Second","None","Us","Vertigo","CT",8,5,10,9,4,8,2043,88,29,"Loss",11108,1,1.19,10299,10960,10614,NA,NA,4,3,0,NA,NA,NA,NA,2,"Prem 311",-266,22:40:00,0,17,9,18,-661,0.944444444444444
"147",313,1,2024-03-18,1899-12-31 21:17:00,1899-12-31 21:17:00,"Second","None","Them","Nuke","CT",5,0,3,11,3,8,1508,94,18,"Win",10957,1,1.53,10789,11290,11075,NA,NA,1,0,2,NA,NA,NA,NA,1,"Prem 313",156,21:17:00,1,16,3,11,-501,1.45454545454545
"148",314,1,2024-03-18,1899-12-31 21:50:00,1899-12-31 21:50:00,"First","None","Us","Anubis","CT",10,4,4,3,3,9,1688,73,46,"Win",11113,1,1.09,10749,10927,10840,NA,NA,2,0,3,NA,NA,NA,NA,2,"Prem 314",373,21:50:00,0,13,7,13,-178,1
"149",315,1,2024-03-18,1899-12-31 22:38:00,1899-12-31 22:38:00,"Second","None","Them","Mirage","CT",10,2,2,10,1,6,1762,88,30,"Win",11486,1,1.57,11620,11597,11694,NA,NA,3,0,4,NA,NA,NA,NA,2,"Prem 315",360,22:38:00,0,20,3,8,23,2.5
"150",316,1,2024-03-18,1899-12-31 23:24:00,1899-12-31 23:24:00,"Second","AimLabs","Us","Inferno","CT",3,1,5,7,4,10,1368,62,40,"Loss",11846,1,0.82,12457,12441,12466,NA,NA,4,1,0,NA,NA,NA,NA,2,"Prem 316",-124,23:24:00,0,10,5,15,16,0.666666666666667
"151",317,1,2024-03-19,1899-12-31 21:32:00,1899-12-31 21:32:00,"First","AimLabs","Us","Nuke","CT",7,2,6,10,3,5,1734,86,41,"Win",11722,1,1.4,11535,11219,11456,NA,NA,1,0,1,NA,NA,NA,NA,1,"Prem 317",151,21:32:00,1,17,5,11,316,1.54545454545455
"152",318,1,2024-03-19,1899-12-31 22:24:00,1899-12-31 22:24:00,"First","AimLabs","Us","Nuke","T",6,1,11,5,6,7,1445,72,45,"Loss",11873,1,0.88,12232,12507,12369,NA,NA,2,1,0,NA,NA,NA,NA,2,"Prem 318",-118,22:24:00,0,11,7,18,-275,0.611111111111111
"153",321,1,2024-03-20,1899-12-31 22:41:00,1899-12-31 22:41:00,"First","None","Them","Inferno","CT",14,2,13,12,2,8,2379,82,26,"Loss",11297,1,1.34,10992,10800,10782,NA,NA,2,4,0,NA,NA,NA,NA,2,"Prem 321",-422,22:41:00,0,26,4,21,192,1.23809523809524
"154",323,1,2024-03-24,1899-12-31 20:50:00,1899-12-31 20:50:00,"Second","None","Us","Nuke","CT",3,2,3,13,3,8,1493,93,25,"Win",10499,1,1.54,10693,11527,10956,NA,NA,2,0,1,NA,NA,NA,NA,2,"Prem 323",100,20:50:00,0,16,5,11,-834,1.45454545454545
"155",326,1,2024-03-26,1899-12-31 23:21:00,1899-12-31 23:21:00,"Second","None","Us","Nuke","CT",6,1,3,13,3,6,1817,95,21,"Win",10617,1,1.54,9773,9580,9758,NA,NA,1,0,2,NA,NA,NA,NA,1,"Prem 326",116,23:21:00,2,19,4,9,193,2.11111111111111
"156",327,1,2024-03-30,1899-12-31 22:44:00,1899-12-31 22:44:00,"First","None","Us","Vertigo","T",9,4,11,6,3,5,1829,96,26,"Loss",10733,1,1.15,10085,9832,10052,NA,NA,1,1,0,NA,NA,NA,NA,1,"Prem 327",-121,22:44:00,4,15,7,16,253,0.9375
"157",331,1,2024-04-07,1899-12-31 23:07:00,1899-12-31 23:07:00,"First","AimLabs","Them","Vertigo","T",7,2,9,5,4,5,1415,70,16,"Win",10110,1,0.94,10192,9691,9940,NA,NA,3,0,2,NA,NA,NA,NA,2,"Prem 331",106,23:07:00,0,12,6,14,501,0.857142857142857
"158",332,1,2024-04-08,1899-12-31 23:42:00,1899-12-31 23:42:00,"Second","AimLabs","Us","Nuke","CT",4,3,4,11,6,7,1861,103,13,"Win",10216,1,1.45,9878,10162,10036,NA,NA,1,0,3,NA,NA,NA,NA,1,"Prem 332",280,23:42:00,1,15,9,11,-284,1.36363636363636
"159",333,1,2024-04-15,1899-12-31 23:25:00,1899-12-31 23:25:00,"Second","AimLabs","Them","Mirage","CT",5,0,2,10,2,2,1341,83,26,"Win",10496,1,1.63,10375,9772,10090,NA,NA,1,0,4,NA,NA,NA,NA,1,"Prem 333",359,23:25:00,7,15,2,4,603,3.75
"160",334,1,2024-04-16,1899-12-31 21:20:00,1899-12-31 21:20:00,"Second","AimLabs","Us","Overpass","CT",9,3,8,11,3,6,1957,81,35,"Loss",10855,1,1.32,11317,11949,11693,NA,NA,1,1,0,NA,NA,NA,NA,1,"Prem 334",-110,21:20:00,1,20,6,14,-632,1.42857142857143
"161",335,1,2024-04-16,1899-12-31 22:30:00,1899-12-31 22:30:00,"First","AimLabs","Us","Overpass","T",9,4,8,5,3,3,1439,71,28,"Win",10745,1,1.25,10312,9472,10050,NA,NA,2,0,1,NA,NA,NA,NA,2,"Prem 335",126,22:30:00,0,14,7,11,840,1.27272727272727
"162",336,1,2024-04-19,1899-12-31 20:49:00,1899-12-31 20:49:00,"Second","AimLabs","Us","Ancient","CT",3,2,1,14,3,7,1724,101,35,"Win",10871,1,1.63,10770,10420,10607,NA,NA,1,0,2,NA,NA,NA,NA,1,"Prem 336",341,20:49:00,3,17,5,8,350,2.125
"163",337,1,2024-04-19,1899-12-31 21:28:00,1899-12-31 21:28:00,"Second","None","Them","Inferno","CT",3,1,5,8,4,8,1529,84,27,"Loss",11212,1,1.08,11141,10621,10923,NA,NA,2,1,0,NA,NA,NA,NA,2,"Prem 337",-101,21:28:00,0,11,5,13,520,0.846153846153846
"164",338,1,2024-04-19,1899-12-31 22:00:00,1899-12-31 22:00:00,"Second","None","Neither","Nuke","CT",9,3,6,17,1,6,2480,118,34,"Win",11111,1,1.97,11175,11279,11163,NA,NA,3,0,1,NA,NA,NA,NA,2,"Prem 338",111,22:00:00,0,26,4,12,-104,2.16666666666667
"165",339,1,2024-04-19,1899-12-31 20:37:00,1899-12-31 20:37:00,"First","None","Us","Nuke","T",11,8,6,0,2,2,1477,105,45,"Win",11222,1,1.59,11161,11373,11311,NA,NA,4,0,2,NA,NA,NA,NA,2,"Prem 339",355,20:37:00,0,11,10,8,-212,1.375
"166",340,1,2024-04-19,1899-12-31 21:24:00,1899-12-31 21:24:00,"First","AimLabs","Us","Anubis","T",6,5,10,13,5,6,2352,98,21,"Win",11577,1,1.39,11212,10484,10877,NA,NA,5,0,3,NA,NA,NA,NA,2,"Prem 340",367,21:24:00,0,19,10,16,728,1.1875
"167",342,1,2024-04-21,1899-12-31 19:35:00,1899-12-31 19:35:00,"First","AimLabs","Us","Overpass","T",10,0,10,15,2,7,1919,79,32,"Win",11899,1,1.4,11566,10337,11122,NA,NA,2,0,1,NA,NA,NA,NA,2,"Prem 342",94,19:35:00,0,25,2,17,1229,1.47058823529412
"168",343,1,2024-04-21,1899-12-31 20:38:00,1899-12-31 20:38:00,"Second","AimLabs","Us","Inferno","CT",6,0,3,13,4,5,2063,114,47,"Win",11993,1,1.7,11738,10676,11249,NA,NA,3,0,2,NA,NA,NA,NA,2,"Prem 343",289,20:38:00,0,19,4,8,1062,2.375
"169",344,1,2024-04-21,1899-12-31 21:22:00,1899-12-31 21:22:00,"First","AimLabs","Them","Mirage","T",11,3,7,4,2,2,1448,85,46,"Win",12282,1,1.49,10157,10523,10383,NA,NA,4,0,3,NA,NA,NA,NA,2,"Prem 344",299,21:22:00,0,15,5,9,-366,1.66666666666667
"170",345,1,2024-04-21,1899-12-31 21:48:00,1899-12-31 21:48:00,"First","None","Us","Nuke","CT",8,2,10,8,1,9,1596,69,31,"Loss",12581,1,0.88,12922,12931,12893,NA,NA,5,1,0,NA,NA,NA,NA,2,"Prem 345",-105,21:48:00,0,16,3,19,-9,0.842105263157895
"171",346,1,2024-04-21,1899-12-31 22:39:00,1899-12-31 22:39:00,"Second","AimLabs","Neither","Overpass","CT",1,2,4,5,2,10,1014,63,0,"Loss",12476,1,0.61,12449,11441,12009,NA,NA,6,2,0,NA,NA,NA,NA,2,"Prem 346",-199,22:39:00,0,6,4,14,1008,0.428571428571429
"172",347,1,2024-04-21,1899-12-31 23:20:00,1899-12-31 23:20:00,"First","None","Them","Vertigo","T",10,1,6,5,4,4,1352,71,33,"Win",12277,1,1.22,10084,10071,10110,NA,NA,7,0,1,NA,NA,NA,NA,2,"Prem 347",107,23:20:00,0,15,5,10,13,1.5
"173",348,1,2024-04-22,1899-12-31,1899-12-31,"Second","AimLabs","Us","Anubis","CT",9,4,7,7,3,9,1793,74,43,"Loss",12384,1,1.04,12292,12141,12274,NA,NA,1,1,0,NA,NA,NA,NA,1,"Prem 348",-255,00:00:00,1,16,7,16,151,1
"174",349,1,2024-04-22,1899-12-31 20:32:00,1899-12-31 20:32:00,"First","AimLabs","Us","Mirage","T",6,3,9,6,2,8,1285,53,8,"Loss",12129,1,0.8,11539,11334,11392,NA,NA,2,2,0,NA,NA,NA,NA,2,"Prem 349",-351,20:32:00,0,12,5,17,205,0.705882352941177
"175",350,1,2024-04-22,1899-12-31 21:52:00,1899-12-31 21:52:00,"First","AimLabs","Them","Vertigo","T",11,3,9,11,4,6,2330,105,18,"Win",11778,1,1.54,10996,11003,11015,NA,NA,3,0,1,NA,NA,NA,NA,2,"Prem 350",107,21:52:00,0,22,7,15,-7,1.46666666666667
"176",351,1,2024-04-22,1899-12-31 22:31:00,1899-12-31 22:31:00,"Second","None","Them","Anubis","CT",8,1,6,6,4,8,1445,62,14,"Win",11885,1,1.06,11614,12049,11889,NA,NA,4,0,2,NA,NA,NA,NA,2,"Prem 351",112,22:31:00,0,14,5,14,-435,1
"177",352,1,2024-04-22,1899-12-31 23:23:00,1899-12-31 23:23:00,"First","AimLabs","Us","Nuke","T",9,3,10,17,1,9,2589,89,15,"Win",11997,1,1.4,13161,12657,12912,NA,NA,5,0,3,NA,NA,NA,NA,2,"Prem 352",360,23:23:00,0,26,4,19,504,1.36842105263158
"178",354,1,2024-04-24,1899-12-31,1899-12-31,"First","AimLabs","Us","Anubis","CT",4,0,3,13,6,9,1770,98,23,"Win",12254,1,1.45,11343,10200,11041,NA,NA,1,0,1,NA,NA,NA,NA,1,"Prem 354",102,00:00:00,1,17,6,12,1143,1.41666666666667
"179",357,1,2024-04-25,1899-12-31 22:23:00,1899-12-31 22:23:00,"First","AimLabs","Them","Dust II","T",10,0,9,5,2,11,1631,70,26,"Loss",12353,1,0.75,11909,10932,11494,NA,NA,1,1,0,NA,NA,NA,NA,1,"Prem 357",-341,22:23:00,1,15,2,20,977,0.75
"180",358,1,2024-04-25,1899-12-31 23:03:00,1899-12-31 23:03:00,"Second","None","Them","Dust II","CT",7,3,4,4,3,5,1494,83,36,"Win",12012,1,1.24,11702,11474,11372,NA,NA,2,0,1,NA,NA,NA,NA,2,"Prem 358",120,23:03:00,0,11,6,9,228,1.22222222222222
"181",359,1,2024-04-25,1899-12-31 23:50:00,1899-12-31 23:50:00,"First","AimLabs","Them","Vertigo","T",8,4,9,8,2,7,2088,90,43,"Loss",12132,1,1.1,12605,10298,11471,NA,NA,3,1,0,NA,NA,NA,NA,2,"Prem 359",-142,23:50:00,0,16,6,16,2307,1
"182",360,1,2024-04-26,1899-12-31 00:40:00,1899-12-31 00:40:00,"First","AimLabs","Them","Mirage","T",7,4,8,8,2,9,1604,72,33,"Loss",11990,1,1,12615,12251,12528,NA,NA,1,2,0,NA,NA,NA,NA,1,"Prem 360",-350,00:40:00,1,15,6,17,364,0.882352941176471
"183",361,1,2024-04-26,1899-12-31 20:31:00,1899-12-31 20:31:00,"First","AimLabs","Us","Vertigo","T",7,3,11,7,2,3,1479,82,14,"Loss",11640,1,1.19,10973,11135,10985,NA,NA,2,3,0,NA,NA,NA,NA,2,"Prem 361",-271,20:31:00,0,14,5,14,-162,1
"184",362,1,2024-04-26,1899-12-31 21:14:00,1899-12-31 21:14:00,"First","AimLabs","Neither","Dust II","T",3,6,10,5,1,2,1184,69,37,"Win",11369,1,1.01,11728,11708,11777,NA,NA,3,0,1,NA,NA,NA,NA,2,"Prem 362",104,21:14:00,0,8,7,12,20,0.666666666666667
"185",363,1,2024-04-26,1899-12-31 21:53:00,1899-12-31 21:53:00,"Second","None","Them","Nuke","CT",6,2,6,9,5,8,1845,87,46,"Win",11473,1,1.2,10873,10513,10705,NA,NA,4,0,2,NA,NA,NA,NA,2,"Prem 363",126,21:53:00,0,15,7,14,360,1.07142857142857
"186",364,1,2024-04-26,1899-12-31 23:05:00,1899-12-31 23:05:00,"Second","AimLabs","Us","Vertigo","CT",5,4,9,9,3,8,1518,63,14,"Loss",11599,1,0.88,11570,10885,11337,NA,NA,5,1,0,NA,NA,NA,NA,2,"Prem 364",-106,23:05:00,0,14,7,17,685,0.823529411764706
"187",365,1,2024-04-26,1899-12-31 23:48:00,1899-12-31 23:48:00,"First","None","Them","Dust II","T",11,2,9,10,2,5,2003,91,38,"Loss",11493,1,1.43,11804,11881,11849,NA,NA,6,2,0,NA,NA,NA,NA,2,"Prem 365",-151,23:48:00,0,21,4,14,-77,1.5
"188",366,1,2024-04-27,1899-12-31 15:55:00,1899-12-31 15:55:00,"First","None","Neither","Inferno","T",9,0,12,8,3,10,2052,70,29,"Loss",11342,1,0.83,10388,10276,10358,NA,NA,1,3,0,NA,NA,NA,NA,1,"Prem 366",-321,15:55:00,1,17,3,22,112,0.772727272727273
"189",367,1,2024-04-28,1899-12-31 20:22:00,1899-12-31 20:22:00,"First","AimLabs","Us","Dust II","T",7,3,8,6,1,6,1621,77,46,"Loss",11021,1,0.97,10320,10826,10540,NA,NA,1,4,0,NA,NA,NA,NA,1,"Prem 367",-442,20:22:00,1,13,4,14,-506,0.928571428571429
"190",368,1,2024-04-28,1899-12-31 21:11:00,1899-12-31 21:11:00,"First","AimLabs","Us","Dust II","T",3,4,10,4,1,6,1138,59,57,"Loss",10579,1,0.73,9729,10066,9891,NA,NA,2,5,0,NA,NA,NA,NA,2,"Prem 368",-379,21:11:00,0,7,5,16,-337,0.4375
"191",369,1,2024-04-28,1899-12-31 21:56:00,1899-12-31 21:56:00,"Second","None","Us","Dust II","CT",1,2,3,10,1,10,1290,86,54,"Loss",10200,1,1.02,10002,9946,10006,NA,NA,3,6,0,NA,NA,NA,NA,2,"Prem 369",-200,21:56:00,0,11,3,13,56,0.846153846153846
"192",370,1,2024-04-28,1899-12-31 22:22:00,1899-12-31 22:22:00,"Second","None","Them","Vertigo","CT",1,1,6,9,2,10,1117,62,50,"Loss",10000,1,0.69,9705,9700,8930,NA,NA,4,7,0,NA,NA,NA,NA,2,"Prem 370",-118,22:22:00,0,10,3,16,5,0.625
"193",371,1,2024-04-28,1899-12-31 22:56:00,1899-12-31 22:56:00,"Second","None","Us","Dust II","T",6,2,12,4,1,3,1135,75,50,"Loss",9882,1,0.86,8586,8831,8696,NA,NA,5,8,0,NA,NA,NA,NA,2,"Prem 371",-558,22:56:00,0,10,3,15,-245,0.666666666666667
"194",372,1,2024-04-28,1899-12-31 23:26:00,1899-12-31 23:26:00,"Second","None","Them","Vertigo","CT",6,1,8,13,2,7,1993,90,21,"Loss",9324,1,1.29,8988,8467,8673,NA,NA,6,9,0,NA,NA,NA,NA,2,"Prem 372",-557,23:26:00,0,19,3,15,521,1.26666666666667
"195",373,1,2024-04-29,1899-12-31 00:20:00,1899-12-31 00:20:00,"Second","AimLabs","Us","Vertigo","CT",10,2,3,10,5,9,2331,122,30,"Win",8767,1,1.69,8477,7575,7965,NA,NA,1,0,1,NA,NA,NA,NA,1,"Prem 373",122,00:20:00,1,20,7,12,902,1.66666666666667
"196",374,1,2024-04-29,1899-12-31 21:12:00,1899-12-31 21:12:00,"Second","None","Us","Vertigo","CT",3,1,1,13,4,5,1624,108,12,"Win",8889,1,1.79,7880,8491,8499,NA,NA,2,0,2,NA,NA,NA,NA,2,"Prem 374",121,21:12:00,0,16,5,6,-611,2.66666666666667
"197",380,1,2024-04-30,1899-12-31 15:27:00,1899-12-31 15:27:00,"First","AimLabs","Them","Nuke","T",6,4,8,11,3,9,1793,81,41,"Win",9122,1,1.22,8336,8213,8260,NA,NA,2,0,1,NA,NA,NA,NA,2,"Prem 380",123,15:27:00,0,17,7,17,123,1
"198",381,1,2024-04-30,1899-12-31 16:06:00,1899-12-31 16:06:00,"First","None","Them","Nuke","CT",7,4,11,9,4,8,2123,88,50,"Loss",9245,1,1.06,10023,11106,10440,NA,NA,3,1,0,NA,NA,NA,NA,2,"Prem 381",-111,16:06:00,0,16,8,19,-1083,0.842105263157895
"199",382,1,2024-04-30,1899-12-31 21:10:00,1899-12-31 21:10:00,"Second","AimLabs","Them","Mirage","CT",2,4,11,11,5,6,1611,83,15,"Loss",9134,1,1.07,9612,9000,9385,NA,NA,4,2,0,NA,NA,NA,NA,2,"Prem 382",-148,21:10:00,0,13,9,17,612,0.764705882352941
"200",383,1,2024-04-30,1899-12-31 22:01:00,1899-12-31 22:01:00,"Second","AimLabs","Us","Dust II","CT",9,3,6,8,3,8,1686,73,41,"Win",8986,1,1.18,9372,9111,9244,NA,NA,5,0,1,NA,NA,NA,NA,2,"Prem 383",116,22:01:00,0,17,6,14,261,1.21428571428571
"201",384,1,2024-04-30,1899-12-31 23:04:00,1899-12-31 23:04:00,"Second","AimLabs","Them","Inferno","T",8,5,6,4,3,11,1691,70,25,"Win",9102,1,0.84,9716,9030,9418,NA,NA,6,0,2,NA,NA,NA,NA,2,"Prem 384",150,23:04:00,0,12,8,17,686,0.705882352941177
"202",385,1,2024-04-30,1899-12-31 23:48:00,1899-12-31 23:48:00,"Second","None","Us","Nuke","CT",6,1,4,13,5,8,2051,102,26,"Win",9252,1,1.55,9719,8843,9259,NA,NA,7,0,3,NA,NA,NA,NA,2,"Prem 385",360,23:48:00,0,19,6,12,876,1.58333333333333
"203",387,1,2024-05-01,1899-12-31 21:37:00,1899-12-31 21:37:00,"Second","None","Us","Anubis","CT",3,3,6,9,4,7,1495,74,33,"Win",9512,1,1.06,9670,9611,9639,NA,NA,2,0,1,NA,NA,NA,NA,2,"Prem 387",122,21:37:00,0,12,7,13,59,0.923076923076923
"204",388,1,2024-05-01,1899-12-31 22:15:00,1899-12-31 22:15:00,"Second","None","Them","Anubis","CT",10,3,5,11,3,10,2181,94,23,"Loss",9634,1,1.44,9401,9852,9723,NA,NA,3,1,0,NA,NA,NA,NA,2,"Prem 388",-105,22:15:00,0,21,6,15,-451,1.4
"205",399,1,2024-05-12,1899-12-31 11:08:00,1899-12-31 11:08:00,"First","None","Us","Ancient","T",5,5,4,12,1,9,1986,86,29,"Win",9767,1,1.34,9775,9043,9375,NA,NA,1,0,1,NA,NA,NA,NA,1,"Prem 399",232,11:08:00,1,17,6,13,732,1.30769230769231
"206",402,1,2024-05-12,1899-12-31 22:40:00,1899-12-31 22:40:00,"Second","AimLabs","Us","Nuke","CT",5,5,7,8,1,8,1662,72,23,"Win",9792,1,1.07,9256,9811,9525,NA,NA,4,0,1,NA,NA,NA,NA,2,"Prem 402",207,22:40:00,0,13,6,15,-555,0.866666666666667
"207",403,1,2024-05-12,1899-12-31 23:24:00,1899-12-31 23:24:00,"Second","AimLabs","Neither","Inferno","CT",7,1,4,12,3,8,1789,85,42,"Loss",9999,1,1.43,9796,9992,9912,NA,NA,5,1,0,NA,NA,NA,NA,2,"Prem 403",-118,23:24:00,0,19,4,12,-196,1.58333333333333
"208",404,1,2024-05-13,1899-12-31 00:14:00,1899-12-31 00:14:00,"First","AimLabs","Them","Mirage","T",11,4,9,4,1,7,1548,70,46,"Win",9881,1,1.04,9330,9393,9397,NA,NA,1,0,1,NA,NA,NA,NA,1,"Prem 404",118,00:14:00,1,15,5,16,-63,0.9375
"209",405,1,2024-05-13,1899-12-31 18:32:00,1899-12-31 18:32:00,"Second","AimLabs","Neither","Ancient","CT",7,1,7,9,1,6,1547,70,50,"Win",9999,1,1.15,11059,10418,10780,NA,NA,2,0,2,NA,NA,NA,NA,2,"Prem 405",116,18:32:00,0,16,2,13,641,1.23076923076923
"210",407,1,2024-05-13,1899-12-31 22:03:00,1899-12-31 22:03:00,"Second","AimLabs","Neither","Dust II","CT",7,1,9,5,4,6,1396,60,30,"Win",10014,1,1.02,11268,11415,11432,NA,NA,4,0,1,NA,NA,NA,NA,2,"Prem 407",354,22:03:00,0,12,5,15,-147,0.8
"211",409,1,2024-05-13,1899-12-31 23:35:00,1899-12-31 23:35:00,"Second","AimLabs","Us","Inferno","CT",6,0,6,11,3,9,1444,68,64,"Loss",10255,1,1.14,11239,11258,11341,NA,NA,6,2,0,NA,NA,NA,NA,2,"Prem 409",-104,23:35:00,0,17,3,15,-19,1.13333333333333
"212",412,1,2024-05-14,1899-12-31 20:01:00,1899-12-31 20:01:00,"First","None","Them","Mirage","T",10,2,10,8,3,7,1622,73,27,"Loss",10000,1,1.05,9420,9626,9592,NA,NA,3,5,0,NA,NA,NA,NA,2,"Prem 412",-125,20:01:00,0,18,5,17,-206,1.05882352941176
"213",414,1,2024-05-14,1899-12-31 21:19:00,1899-12-31 21:19:00,"Second","None","Them","Dust II","T",5,5,8,4,2,10,1153,48,66,"Win",9999,1,0.47,10470,7828,9224,NA,NA,5,0,2,NA,NA,NA,NA,2,"Prem 414",108,21:19:00,0,9,7,18,2642,0.5
"214",415,1,2024-05-14,1899-12-31 22:09:00,1899-12-31 22:09:00,"First","AimLabs","Us","Mirage","T",3,2,10,0,1,3,735,43,66,"Loss",10107,1,0.29,11093,11300,11227,NA,NA,6,1,0,NA,NA,NA,NA,2,"Prem 415",-107,22:09:00,0,3,3,13,-207,0.230769230769231
"215",416,1,2024-05-14,1899-12-31 22:50:00,1899-12-31 22:50:00,"First","AimLabs","Them","Vertigo","T",10,0,8,15,4,9,2691,92,40,"Win",10000,1,1.37,9745,9812,9820,NA,NA,7,0,1,NA,NA,NA,NA,2,"Prem 416",110,22:50:00,0,25,4,17,-67,1.47058823529412
"216",423,1,2024-05-23,1899-12-31 20:56:00,1899-12-31 20:56:00,"First","AimLabs","Us","Vertigo","T",9,1,7,4,3,4,1317,69,46,"Win",10978,1,1.17,11980,11243,11695,NA,NA,3,0,2,NA,NA,NA,NA,2,"Prem 423",373,20:56:00,0,13,4,11,737,1.18181818181818
"217",424,1,2024-05-23,1899-12-31 22:57:00,1899-12-31 22:57:00,"First","AimLabs","Us","Vertigo","T",1,2,10,2,0,2,645,45,100,"Loss",11351,1,0.27,10557,11514,11086,NA,NA,4,1,0,NA,NA,NA,NA,2,"Prem 424",-114,22:57:00,0,3,2,12,-957,0.25
"218",425,1,2024-05-23,1899-12-31 23:23:00,1899-12-31 23:23:00,"Second","None","Us","Dust II","CT",0,3,2,7,5,5,1081,67,57,"Win",11237,1,1.17,12149,11322,11923,NA,NA,5,0,1,NA,NA,NA,NA,2,"Prem 425",359,23:23:00,0,7,8,7,827,1
"219",426,1,2024-05-27,1899-12-31 21:22:00,1899-12-31 21:22:00,"First","None","Neither","Ancient","T",6,4,8,3,3,7,1276,63,33,"Loss",11596,1,0.88,12417,12199,12349,NA,NA,1,1,0,NA,NA,NA,NA,1,"Prem 426",-122,21:22:00,4,9,7,15,218,0.6
"220",427,1,2024-05-27,1899-12-31 22:11:00,1899-12-31 22:11:00,"First","AimLabs","Them","Vertigo","T",7,0,11,6,1,7,1823,91,38,"Loss",11474,1,0.86,11344,11364,11359,NA,NA,2,2,0,NA,NA,NA,NA,2,"Prem 427",-111,22:11:00,0,13,1,18,-20,0.722222222222222
"221",442,1,2024-07-03,1899-12-31 19:33:00,1899-12-31 19:33:00,"Second","None","Us","Dust II","CT",3,2,5,4,1,9,884,36,42,"Win",10779,1,0.59,14934,14974,14953,NA,NA,1,0,2,NA,NA,NA,NA,1,"Prem 442",222,19:33:00,2,7,3,14,-40,0.5
"222",450,1,2024-07-10,1899-12-31 23:09:00,1899-12-31 23:09:00,"First","None","Them","Mirage","T",12,0,5,3,2,3,1691,99,60,"Win",10559,1,1.5,10021,9812,9932,NA,NA,1,0,2,NA,NA,NA,NA,1,"Prem 450",122,23:09:00,2,15,2,8,209,1.875
"223",453,1,2024-07-17,1899-12-31 19:19:00,1899-12-31 19:19:00,"First","None","Us","Dust II","CT",1,7,13,7,3,12,1649,54,9,"Loss",10000,1,0.58,9834,9112,9514,NA,NA,1,3,0,NA,NA,NA,NA,1,"Prem 453",-107,19:19:00,3,8,10,25,722,0.32
"224",461,1,2024-07-22,1899-12-31 20:30:00,1899-12-31 20:30:00,"Second","AimLabs","Them","Dust II","T",10,3,9,9,3,6,2127,101,36,"Win",8856,1,1.38,8703,8600,8673,NA,NA,2,0,1,NA,NA,NA,NA,2,"Prem 461",112,20:30:00,0,19,6,15,103,1.26666666666667
"225",462,1,2024-07-22,1899-12-31 22:18:00,1899-12-31 22:18:00,"Second","AimLabs","Us","Dust II","CT",10,3,6,11,1,8,2175,98,33,"Win",8968,1,1.49,8748,8733,8800,NA,NA,3,0,2,NA,NA,NA,NA,2,"Prem 462",124,22:18:00,0,21,4,14,15,1.5
"226",464,1,2024-07-26,1899-12-31 22:07:00,1899-12-31 22:07:00,"Second","AimLabs","Them","Dust II","CT",9,4,10,11,2,9,2217,100,35,"Win",9370,1,1.24,9344,9607,9476,NA,NA,1,0,4,NA,NA,NA,NA,1,"Prem 464",362,22:07:00,3,20,6,19,-263,1.05263157894737
"227",471,1,2024-07-30,1899-12-31 22:51:00,1899-12-31 22:51:00,"Second","AimLabs","Neither","Ancient","T",9,1,10,8,0,3,1833,83,41,"Win",11145,1,1.19,12273,12227,12368,NA,NA,1,0,1,NA,NA,NA,NA,1,"Prem 471",411,22:51:00,1,17,1,13,46,1.30769230769231
"228",485,1,2024-08-08,1899-12-31 22:35:00,1899-12-31 22:35:00,"First","None","Us","Mirage","CT",14,2,7,10,4,7,2674,116,45,"Win",11608,1,NA,NA,NA,NA,NA,NA,5,0,1,NA,NA,NA,NA,2,"Prem 485",317,22:35:00,0,24,6,14,NA,1.71428571428571
"229",486,1,2024-08-08,1899-12-31 23:20:00,1899-12-31 23:20:00,"First","None","Them","Nuke","CT",4,4,8,7,5,8,1660,75,63,"Loss",11925,1,NA,NA,NA,NA,NA,NA,6,1,0,NA,NA,NA,NA,2,"Prem 486",-118,23:20:00,0,11,9,16,NA,0.6875
"230",487,1,2024-08-09,1899-12-31 23:27:00,1899-12-31 23:27:00,"First","AimLabs","Us","Vertigo","T",9,4,7,3,7,10,1551,67,33,"Win",11807,1,NA,NA,NA,NA,NA,NA,1,0,1,NA,NA,NA,NA,1,"Prem 487",161,23:27:00,1,12,11,17,NA,0.705882352941177
"231",491,1,2024-08-13,1899-12-31 22:38:00,1899-12-31 22:38:00,"First","None","Us","Inferno","T",4,2,6,4,3,6,1025,53,25,"Win",12523,1,NA,NA,NA,NA,NA,NA,1,0,3,NA,NA,NA,NA,1,"Prem 491",368,22:38:00,1,8,5,12,NA,0.666666666666667
"232",492,1,2024-08-13,1899-12-31 23:28:00,1899-12-31 23:28:00,"First","AimLabs","Us","Inferno","T",6,4,12,7,6,11,1984,66,30,"Win",12891,1,NA,NA,NA,NA,NA,NA,2,0,4,NA,NA,NA,NA,2,"Prem 492",366,23:28:00,0,13,10,23,NA,0.565217391304348
"233",493,1,2024-08-14,1899-12-31 00:42:00,1899-12-31 00:42:00,"Second","AimLabs","Neither","Anubis","CT",9,1,4,8,4,9,1918,106,35,"Loss",13257,1,NA,NA,NA,NA,NA,NA,1,1,0,NA,NA,NA,NA,1,"Prem 493",-105,00:42:00,1,17,5,13,NA,1.30769230769231
"234",494,1,2024-08-14,1899-12-31 17:21:00,1899-12-31 17:21:00,"Second","AimLabs","Us","Nuke","CT",5,4,9,7,5,8,1595,75,25,"Loss",13152,1,NA,NA,NA,NA,NA,NA,2,2,0,NA,NA,NA,NA,2,"Prem 494",-111,17:21:00,0,12,9,17,NA,0.705882352941177
"235",496,1,2024-08-14,1899-12-31 19:25:00,1899-12-31 19:25:00,"Second","AimLabs","Us","Nuke","CT",3,0,3,8,2,3,1116,69,45,"Win",13272,1,NA,NA,NA,NA,NA,NA,4,0,2,NA,NA,NA,NA,2,"Prem 496",321,19:25:00,0,11,2,6,NA,1.83333333333333
"236",499,1,2024-08-22,1899-12-31 21:55:00,1899-12-31 21:55:00,"First","AimLabs","Us","Inferno","T",6,4,12,2,1,5,1066,59,12,"Loss",13583,1,NA,NA,NA,NA,NA,NA,1,1,0,NA,NA,NA,NA,1,"Prem 499",-440,21:55:00,5,8,5,17,NA,0.470588235294118
"237",500,1,2024-08-22,1899-12-31 22:44:00,1899-12-31 22:44:00,"First","AimLabs","Them","Nuke","T",6,2,6,5,2,4,1080,60,36,"Win",13143,1,NA,NA,NA,NA,NA,NA,2,0,1,NA,NA,NA,NA,2,"Prem 500",120,22:44:00,0,11,4,10,NA,1.1
"238",501,1,2024-08-25,1899-12-31 15:24:00,1899-12-31 15:24:00,"Second","AimLabs","Us","Vertigo","CT",3,0,7,13,1,9,1424,74,25,"Loss",13263,1,NA,NA,NA,NA,NA,NA,1,1,0,NA,NA,NA,NA,1,"Prem 501",-117,15:24:00,3,16,1,16,NA,1
"239",502,1,2024-08-25,1899-12-31 16:10:00,1899-12-31 16:10:00,"Second","AimLabs","Us","Mirage","CT",5,8,9,11,4,9,2187,99,50,"Loss",13146,1,NA,NA,NA,NA,NA,NA,2,2,0,NA,NA,NA,NA,2,"Prem 502",-266,16:10:00,0,16,12,18,NA,0.888888888888889
"240",503,1,2024-08-25,1899-12-31 16:57:00,1899-12-31 16:57:00,"First","None","Them","Dust II","T",7,4,10,5,2,8,1377,62,50,"Loss",12880,1,NA,NA,NA,NA,NA,NA,3,3,0,NA,NA,NA,NA,2,"Prem 503",-313,16:57:00,0,12,6,18,NA,0.666666666666667
"241",524,1,2024-10-08,1899-12-31 21:57:00,1899-12-31 21:57:00,"First","AimLabs","Us","Dust II","T",8,3,7,5,3,8,1427,64,30,"Loss",14001,1,0.87,14449,14938,14766,NA,NA,1,2,0,1.86,69,43,60,1,"Prem 524",-116,21:57:00,3,13,6,15,-489,0.866666666666667
"242",525,1,2024-10-08,1899-12-31 22:47:00,1899-12-31 22:47:00,"Second","AimLabs","Them","Nuke","T",8,1,10,4,3,5,1376,76,25,"Loss",13885,1,0.95,14104,14253,14168,NA,NA,2,3,0,-1.25,69,44,32,2,"Prem 525",-101,22:47:00,0,12,4,15,-149,0.8
"243",526,1,2024-10-14,1899-12-31 16:42:00,1899-12-31 16:42:00,"Second","AimLabs","Us","Mirage","CT",NA,NA,NA,NA,NA,NA,1320,57,40,"Loss",13784,1,NA,NA,NA,NA,NA,NA,1,4,0,-3.41,50,51,44,1,"Prem 526",-115,16:42:00,6,NA,NA,NA,NA,NA
