ID,Date,LocalTime,StandardTime,PickBan,WarmUp,Server,KnifeResult,Map,StartSide,TKills,TAssists,TDeaths,CTKills,CTAssists,CTDeaths,Damage,ADR,HS,Result,Rank,Queue,Rating,WinProb,AvgFriendly,AvgEnemy,AverageOverall,Comments,GamesToday,LossStreak,WinStreak,LeetifyRating,LeetifyPosition,LeetifyAim,LeetifyUtility
1.0,2024-05-06,20:57:00,20:57:00,Second,,,,Dust II,CT,3.0,1.0,6.0,1.0,1.0,9.0,,36.0,50.0,Loss,1000.0,1.0,0.27,49.0,974.0,997.0,985.5,,1,1,0,,,,
2.0,2024-05-06,21:43:00,21:43:00,First,Aimlabs,,,Mirage,T,9.0,2.0,11.0,15.0,3.0,6.0,2279.0,75.0,33.0,Loss,951.0,1.0,1.35,49.0,942.0,970.0,956.0,,2,2,0,,,,
3.0,2024-05-06,23:03:00,23:03:00,Second,Aimlabs,,,Anubis,T,9.0,3.0,9.0,7.0,3.0,12.0,1966.0,67.0,25.0,Win,902.0,1.0,0.9,51.0,1004.0,991.0,997.5,,3,0,1,,,,
4.0,2024-05-07,11:07:00,11:07:00,Second,Aimlabs,,,Vertigo,T,8.0,1.0,11.0,0.0,0.0,0.0,795.0,61.0,25.0,Loss,951.0,1.0,0.8,50.0,830.0,828.0,829.0,T-S,1,4,0,,,,
5.0,2024-05-07,11:39:00,11:39:00,Second,,,,Inferno,T,5.0,3.0,10.0,2.0,5.0,7.0,991.0,47.0,42.0,Win,906.0,1.0,0.56,50.0,972.0,978.0,975.0,,2,0,1,,,,
6.0,2024-05-07,12:34:00,12:34:00,First,Aimlabs,,,Anubis,CT,11.0,9.0,18.0,13.0,6.0,12.0,2989.0,72.0,16.0,Loss,946.0,1.0,1.02,52.0,925.0,885.0,905.0,,3,3,0,,,,
7.0,2024-05-07,16:36:00,16:36:00,First,,,,Dust II,CT,4.0,3.0,7.0,4.0,5.0,12.0,1434.0,59.0,50.0,Loss,910.0,1.0,0.68,50.0,992.0,996.0,994.0,,4,4,0,,,,
8.0,2024-05-07,17:45:00,17:45:00,Second,Aimlabs,,,Mirage,T,5.0,2.0,10.0,3.0,4.0,9.0,1432.0,59.0,25.0,Loss,880.0,1.0,0.7,50.0,809.0,812.0,810.5,,5,5,0,,,,
9.0,2024-05-07,19:02:00,19:02:00,Second,Aimlabs,,,Mirage,T,4.0,0.0,10.0,1.0,0.0,2.0,545.0,38.0,0.0,Loss,850.0,1.0,0.41,49.0,911.0,924.0,917.5,,6,6,0,,,,
10.0,2024-05-08,16:24:00,16:24:00,First,,,,Inferno,T,8.0,3.0,5.0,6.0,1.0,2.0,1410.0,78.0,35.0,Win,820.0,1.0,1.38,50.0,792.0,793.0,792.5,,1,0,1,,,,
11.0,2024-05-08,17:12:00,17:12:00,Second,,,,Nuke,CT,3.0,0.0,4.0,11.0,0.0,10.0,1168.0,73.0,14.0,Loss,850.0,1.0,0.96,50.0,802.0,792.0,797.0,,2,2,0,,,,
12.0,2024-05-08,18:10:00,18:10:00,First,Aimlabs,,,Vertigo,T,7.0,5.0,10.0,4.0,2.0,6.0,1524.0,72.0,27.0,Win,820.0,5.0,,,,,0.0,,3,0,1,,,,
13.0,2024-05-08,20:46:00,20:46:00,Second,,,,Mirage,T,7.0,1.0,11.0,5.0,3.0,7.0,1318.0,62.0,46.0,Loss,820.0,5.0,,,,,0.0,,4,4,0,,,,
14.0,2024-05-08,21:27:00,21:27:00,First,,,,Mirage,CT,4.0,1.0,7.0,4.0,2.0,11.0,945.0,42.0,0.0,Loss,820.0,4.0,0.44,47.0,1214.0,1278.0,1246.0,,5,5,0,,,,
15.0,2024-05-08,22:20:00,22:20:00,Second,,,,Anubis,T,3.0,5.0,11.0,3.0,4.0,6.0,1207.0,60.0,50.0,Loss,797.0,5.0,0.7,50.0,1126.0,1124.0,1125.0,,6,6,0,,,,
16.0,2024-05-09,11:26:00,11:26:00,Second,,,,Vertigo,T,6.0,4.0,11.0,0.0,1.0,2.0,1173.0,83.0,33.0,Loss,772.0,1.0,0.72,50.0,633.0,632.0,632.5,,1,7,0,,,,
17.0,2024-05-09,12:18:00,12:18:00,First,Aimlabs,,,Vertigo,CT,13.0,2.0,3.0,10.0,2.0,8.0,1819.0,95.0,13.0,Win,747.0,1.0,1.63,50.0,788.0,789.0,788.5,,2,0,1,,,,
18.0,2024-05-10,20:14:00,20:14:00,Second,Aimlabs,,,Anubis,T,6.0,2.0,11.0,3.0,0.0,4.0,913.0,57.0,33.0,Loss,772.0,5.0,,,,,0.0,,1,3,0,,,,
19.0,2024-05-10,20:45:00,20:45:00,First,Aimlabs,,,Mirage,T,1.0,1.0,10.0,4.0,3.0,3.0,613.0,32.0,0.0,Win,772.0,5.0,0.44,48.0,1226.0,1279.0,1252.5,,2,0,1,,,,
20.0,2024-05-10,21:40:00,21:40:00,First,,,,Vertigo,CT,6.0,2.0,8.0,12.0,2.0,9.0,1881.0,81.0,33.0,Loss,798.0,5.0,1.14,48.0,1252.0,1294.0,1273.0,,3,3,0,,,,
21.0,2024-05-10,22:20:00,22:20:00,First,,,,Mirage,T,3.0,2.0,9.0,3.0,0.0,6.0,981.0,54.0,16.0,Loss,774.0,5.0,0.54,52.0,1225.0,1185.0,1205.0,,4,4,0,,,,
22.0,2024-05-11,20:04:00,20:04:00,Second,Aimlabs,,,Mirage,CT,5.0,6.0,5.0,5.0,2.0,8.0,1464.0,61.0,40.0,Loss,748.0,5.0,,,,,0.0,,1,5,0,,,,
23.0,2024-05-11,20:56:00,20:56:00,Second,,,,Dust II,CT,2.0,0.0,7.0,8.0,3.0,6.0,1396.0,66.0,50.0,Win,748.0,4.0,0.72,51.0,1072.0,1053.0,1062.5,,2,0,1,,,,
24.0,2024-05-13,20:03:00,20:03:00,First,Aimlabs,,,Vertigo,CT,2.0,2.0,0.0,8.0,2.0,6.0,1089.0,77.0,50.0,Win,773.0,5.0,,,,,0.0,,1,0,2,,,,
25.0,2024-05-13,20:34:00,20:34:00,Second,,,,Anubis,CT,6.0,0.0,2.0,6.0,0.0,10.0,1084.0,67.0,0.0,Loss,773.0,5.0,,,,,0.0,,2,2,0,,,,
26.0,2024-05-15,17:52:00,17:52:00,First,Aimlabs,,,Nuke,CT,1.0,2.0,1.0,5.0,5.0,4.0,925.0,66.0,16.0,Win,773.0,1.0,1.19,52.0,890.0,841.0,865.5,,1,0,1,,,,
27.0,2024-05-15,19:02:00,19:02:00,First,,,,Inferno,T,5.0,0.0,8.0,3.0,1.0,5.0,801.0,42.0,25.0,Loss,797.0,4.0,0.63,47.0,1137.0,1207.0,1172.0,,2,2,0,,,,
28.0,2024-05-15,20:02:00,20:02:00,First,Aimlabs,,,Vertigo,CT,2.0,0.0,6.0,6.0,3.0,12.0,1137.0,56.0,50.0,Loss,774.0,5.0,,,,,0.0,,3,3,0,,,,
29.0,2024-05-16,17:20:00,17:20:00,Second,Aimlabs,,,Ancient,T,2.0,0.0,11.0,2.0,1.0,3.0,505.0,36.0,25.0,Loss,774.0,5.0,,,,,0.0,,1,4,0,,,,
30.0,2024-05-16,22:51:00,22:51:00,Second,Aimlabs,Chicago,Win,Dust II,CT,8.0,2.0,1.0,8.0,4.0,7.0,1405.0,82.0,18.0,Win,774.0,1.0,1.53,50.0,859.0,861.0,860.0,,2,0,1,,,,
31.0,2024-05-16,23:33:00,23:33:00,Second,Aimlabs,Denver,Loss,Ancient,T,3.0,5.0,9.0,4.0,4.0,2.0,954.0,56.0,0.0,Win,799.0,1.0,0.99,52.0,969.0,938.0,953.5,,3,0,2,,,,
32.0,2024-05-17,00:05:00,00:05:00,Second,,Chicago,Loss,Inferno,T,4.0,2.0,9.0,6.0,3.0,6.0,1494.0,74.0,20.0,Loss,823.0,1.0,0.69,47.0,833.0,894.0,863.5,TML,1,4,0,,,,
33.0,2024-05-17,19:20:00,19:20:00,First,,Chicago,Loss,Vertigo,T,9.0,5.0,8.0,8.0,2.0,8.0,1992.0,90.0,11.0,Loss,799.0,1.0,1.27,42.0,479.0,657.0,568.0,,2,2,0,,,,
34.0,2024-05-17,20:19:00,20:19:00,First,,Chicago,Win,Mirage,CT,9.0,3.0,4.0,15.0,2.0,5.0,2147.0,119.0,41.0,Win,778.0,1.0,2.01,50.0,664.0,672.0,668.0,,3,0,1,,,,
35.0,2024-05-17,21:06:00,21:06:00,First,,Chicago,Loss,Vertigo,T,10.0,1.0,11.0,0.0,1.0,2.0,1015.0,72.0,40.0,Loss,803.0,1.0,0.91,48.0,889.0,941.0,915.0,,4,4,0,,,,
36.0,2024-05-17,21:43:00,21:43:00,Second,Aimlabs,Chicago,Loss,Mirage,T,10.0,9.0,10.0,9.0,3.0,10.0,2692.0,89.0,31.0,Win,779.0,1.0,1.15,50.0,911.0,912.0,911.5,,5,0,1,,,,
37.0,2024-05-17,22:57:00,22:57:00,First,Aimlabs,Chicago,Win,Dust II,CT,4.0,2.0,3.0,10.0,2.0,9.0,1359.0,75.0,36.0,Win,804.0,1.0,1.21,52.0,833.0,802.0,817.5,,6,0,2,,,,
38.0,2024-05-18,11:06:00,11:06:00,First,,Chicago,Win,Anubis,CT,6.0,3.0,4.0,6.0,2.0,7.0,1309.0,65.0,33.0,Win,828.0,1.0,0.99,50.0,585.0,584.0,584.5,,1,0,3,,,,
39.0,2024-05-18,12:12:00,12:12:00,First,Aimlabs,Chicago,Win,Nuke,CT,6.0,3.0,5.0,6.0,1.0,10.0,1326.0,60.0,25.0,Loss,853.0,1.0,0.86,48.0,937.0,976.0,956.5,,2,2,0,,,,
40.0,2024-05-18,23:22:00,23:22:00,Second,Aimlabs,Chicago,Win,Vertigo,T,18.0,3.0,19.0,13.0,11.0,15.0,3251.0,69.0,25.0,Win,829.0,1.0,1.03,50.0,957.0,955.0,956.0,EL,3,0,1,,,,
41.0,2024-05-19,18:00:00,18:00:00,Second,,Chicago,Win,Dust II,CT,7.0,1.0,6.0,4.0,4.0,8.0,1131.0,53.0,36.0,Win,854.0,1.0,0.88,52.0,911.0,875.0,893.0,,1,0,2,,,,
42.0,2024-05-20,20:05:00,20:05:00,Second,Aimlabs,Chicago,Loss,Anubis,T,3.0,3.0,11.0,11.0,3.0,12.0,,,,Loss,878.0,5.0,,,,,0.0,,1,2,0,,,,
43.0,2024-05-21,16:24:00,16:24:00,First,,Denver,Win,Dust II,T,10.0,5.0,10.0,7.0,2.0,5.0,1767.0,84.0,52.0,Win,878.0,1.0,1.19,48.0,921.0,955.0,938.0,TML,1,0,1,,,,
44.0,2024-05-21,20:04:00,20:04:00,Second,Aimlabs,NewYork,Loss,Vertigo,T,2.0,2.0,9.0,6.0,3.0,9.0,1247.0,56.0,37.0,Loss,904.0,5.0,,,,,0.0,,2,2,0,,,,
45.0,2024-05-21,20:53:00,20:53:00,First,,Chicago,Win,Vertigo,CT,4.0,2.0,5.0,10.0,0.0,7.0,1208.0,57.0,42.0,Win,904.0,5.0,1.02,51.0,1130.0,1108.0,1119.0,,3,0,1,,,,
46.0,2024-05-21,21:36:00,21:36:00,Second,,Chicago,Loss,Anubis,T,8.0,2.0,7.0,10.0,2.0,11.0,1670.0,55.0,25.0,Loss,928.0,5.0,0.99,47.0,1154.0,1208.0,1181.0,,4,4,0,,,,
47.0,2024-05-24,20:06:00,20:06:00,First,Aimlabs,NewYork,Win,Mirage,CT,6.0,2.0,12.0,7.0,3.0,11.0,1533.0,51.0,46.0,Loss,904.0,5.0,,,,,0.0,,1,5,0,,,,
48.0,2024-05-24,20:58:00,20:58:00,Second,,Chicago,Win,Vertigo,CT,2.0,0.0,1.0,5.0,2.0,8.0,851.0,,29.0,Win,904.0,5.0,,51.0,1151.0,1124.0,1137.5,,2,0,1,,,,
49.0,2024-05-24,21:37:00,21:37:00,First,,Chicago,Loss,Anubis,T,6.0,8.0,8.0,6.0,2.0,8.0,1506.0,68.0,58.0,Win,926.0,5.0,0.98,48.0,1073.0,1116.0,1094.5,,3,0,2,,,,
50.0,2024-05-24,22:20:00,22:20:00,Second,,Dallas,Win,Nuke,CT,5.0,2.0,10.0,4.0,2.0,9.0,1290.0,53.0,33.0,Loss,950.0,5.0,0.55,50.0,1184.0,1181.0,1182.5,,4,4,0,,,,
51.0,2024-05-25,20:50:00,20:50:00,Second,Aimlabs,Chicago,Win,Vertigo,CT,10.0,1.0,5.0,1.0,2.0,10.0,1490.0,62.0,36.0,Win,922.0,4.0,0.8,47.0,1209.0,1271.0,1240.0,,1,0,1,,,,
52.0,2024-05-25,21:34:00,21:34:00,Second,,Chicago,Loss,Ancient,CT,0.0,1.0,6.0,6.0,0.0,10.0,786.0,43.0,66.0,Loss,947.0,4.0,0.27,49.0,1253.0,1280.0,1266.5,,2,2,0,,,,
53.0,2024-05-25,22:10:00,22:10:00,Second,,Chicago,Loss,Anubis,CT,7.0,1.0,8.0,6.0,2.0,11.0,1094.0,52.0,38.0,Loss,919.0,4.0,0.82,51.0,1225.0,1211.0,1218.0,,3,3,0,,,,
54.0,2024-05-26,18:20:00,18:20:00,Second,,Denver,Loss,Nuke,T,1.0,0.0,12.0,3.0,2.0,4.0,719.0,44.0,50.0,Loss,891.0,1.0,0.13,50.0,910.0,910.0,910.0,,1,4,0,,,,
55.0,2024-05-26,20:04:00,20:04:00,Second,Aimlabs,Chicago,Win,Anubis,CT,2.0,2.0,5.0,2.0,4.0,10.0,881.0,48.0,75.0,Loss,861.0,5.0,,,,,0.0,,2,2,0,,,,
56.0,2025-05-26,20:40:00,20:40:00,Second,,Chicago,Loss,Mirage,T,5.0,4.0,10.0,6.0,2.0,12.0,1489.0,51.0,27.0,Win,861.0,5.0,0.5,50.0,1104.0,1103.0,1103.5,,1,0,1,,,,
57.0,2024-05-27,22:59:00,22:59:00,Second,,Chicago,Loss,Mirage,T,7.0,1.0,8.0,8.0,3.0,8.0,1743.0,72.0,26.0,Loss,883.0,1.0,0.99,50.0,904.0,906.0,905.0,,1,2,0,,,,
58.0,2024-05-27,23:50:00,23:50:00,Second,Aimlabs,Chicago,Win,Inferno,T,9.0,1.0,11.0,9.0,2.0,7.0,2173.0,108.0,33.0,Loss,858.0,1.0,1.33,52.0,1049.0,999.0,1024.0,,2,2,0,,,,
59.0,2024-05-28,18:02:00,18:02:00,Second,Aimlabs,Denver,Loss,Vertigo,CT,1.0,0.0,3.0,9.0,1.0,9.0,1072.0,67.0,40.0,Loss,837.0,1.0,0.84,49.0,814.0,834.0,824.0,,1,3,0,,,,
60.0,2024-05-28,18:39:00,18:39:00,Second,Aimlabs,Chicago,Win,Mirage,CT,9.0,3.0,11.0,11.0,0.0,10.0,1951.0,67.0,30.0,Loss,811.0,1.0,0.98,48.0,616.0,662.0,639.0,TML,2,2,0,,,,
61.0,2024-05-28,20:15:00,20:15:00,Second,Aimlabs,Chicago,Win,Anubis,CT,0.0,0.0,2.0,7.0,0.0,11.0,794.0,56.0,42.0,Loss,786.0,5.0,,,,,0.0,,3,3,0,,,,
62.0,2024-05-28,20:38:00,20:38:00,First,,Chicago,Win,Mirage,CT,1.0,2.0,5.0,7.0,4.0,7.0,1087.0,51.0,37.0,Win,786.0,5.0,0.74,53.0,1126.0,1060.0,1093.0,,4,0,1,,,,
63.0,2024-05-28,21:54:00,21:54:00,Second,,Denver,Win,Vertigo,CT,8.0,1.0,5.0,4.0,2.0,5.0,1069.0,53.0,33.0,Win,808.0,2.0,1.09,53.0,1056.0,990.0,1023.0,,5,0,2,,,,
64.0,2024-05-30,21:41:00,21:41:00,Second,Aimlabs,Chicago,Win,Dust II,CT,2.0,2.0,9.0,8.0,4.0,9.0,1522.0,63.0,40.0,Loss,833.0,1.0,0.68,50.0,849.0,839.0,844.0,,1,6,0,,,,
65.0,2024-05-30,22:25:00,22:25:00,Second,,Chicago,Win,Dust II,CT,4.0,3.0,5.0,5.0,7.0,5.0,1392.0,69.0,22.0,Win,804.0,1.0,1.04,52.0,840.0,810.0,825.0,,2,0,1,,,,
66.0,2024-05-31,18:49:00,18:49:00,First,Aimlabs,Chicago,Loss,Nuke,CT,6.0,1.0,6.0,9.0,2.0,10.0,1453.0,76.0,20.0,Loss,826.0,1.0,1.06,46.0,880.0,962.0,921.0,,1,3,0,,,,
67.0,2024-05-31,19:33:00,19:33:00,First,Aimlabs,Chicago,Win,Mirage,CT,2.0,3.0,5.0,5.0,6.0,10.0,1417.0,78.0,42.0,Loss,803.0,1.0,0.83,49.0,712.0,728.0,720.0,,2,2,0,,,,
68.0,2024-05-31,20:08:00,20:08:00,First,,Chicago,Loss,Ancient,T,17.0,1.0,9.0,17.0,4.0,9.0,2849.0,94.0,26.0,Win,773.0,1.0,1.63,50.0,684.0,694.0,689.0,,3,0,1,,,,
69.0,2024-05-31,21:22:00,21:22:00,First,,Chicago,Loss,Inferno,T,8.0,4.0,6.0,8.0,3.0,5.0,1609.0,84.0,50.0,Win,803.0,1.0,1.48,47.0,773.0,833.0,803.0,,4,0,2,,,,
70.0,2024-05-31,22:13:00,22:13:00,Second,Aimlabs,Chicago,Loss,Vertigo,T,6.0,3.0,10.0,11.0,2.0,11.0,2055.0,73.0,65.0,Loss,833.0,1.0,,53.0,894.0,835.0,864.5,,5,5,0,,,,
71.0,2024-06-01,19:07:00,19:07:00,Second,,Chicago,Win,Inferno,CT,8.0,3.0,7.0,2.0,8.0,7.0,1675.0,79.0,31.0,Win,804.0,1.0,1.17,56.0,849.0,723.0,786.0,,1,0,1,,,,
72.0,2024-06-01,21:12:00,21:12:00,Second,,Chicago,Win,Vertigo,CT,1.0,1.0,7.0,5.0,4.0,10.0,1316.0,69.0,50.0,Loss,828.0,5.0,0.5,50.0,1306.0,1311.0,1308.5,,2,2,0,,,,
73.0,2024-06-01,21:54:00,21:54:00,First,Aimlabs,Chicago,Loss,Inferno,T,7.0,2.0,10.0,0.0,0.0,5.0,663.0,39.0,28.0,Loss,809.0,1.0,0.39,50.0,1012.0,1008.0,1010.0,,3,3,0,,,,
74.0,2024-06-03,21:46:00,21:46:00,Second,Aimlabs,Denver,Win,Mirage,CT,7.0,5.0,2.0,8.0,1.0,8.0,1472.0,77.0,46.0,Win,781.0,1.0,1.3,41.0,386.0,571.0,478.5,,1,0,1,,,,
75.0,2024-06-11,18:15:00,18:15:00,First,,Chicago,Win,Inferno,CT,0.0,2.0,4.0,15.0,3.0,5.0,1482.0,92.0,26.0,Win,812.0,1.0,1.46,50.0,867.0,869.0,868.0,,1,0,2,,,,
76.0,2024-06-13,20:13:00,20:13:00,Second,Aimlabs,Chicago,Loss,Vertigo,T,4.0,2.0,10.0,1.0,3.0,6.0,908.0,50.0,0.0,Loss,842.0,5.0,,,,,0.0,,1,2,0,,,,
77.0,2024-06-13,20:46:00,20:46:00,Second,,Chicago,Win,Inferno,CT,7.0,1.0,4.0,10.0,1.0,8.0,,74.0,24.0,Win,842.0,5.0,1.26,50.0,1116.0,1105.0,1110.5,,2,0,1,,,,
78.0,2024-06-13,21:36:00,21:36:00,First,,Chicago,Loss,Ancient,CT,6.0,2.0,6.0,5.0,1.0,10.0,1310.0,65.0,54.0,Loss,870.0,5.0,0.82,53.0,1143.0,1082.0,1112.5,,3,3,0,,,,
79.0,2024-06-13,22:19:00,22:19:00,First,,Chicago,Win,Inferno,CT,1.0,1.0,0.0,11.0,2.0,7.0,1376.0,91.0,25.0,Win,841.0,4.0,1.46,54.0,1081.0,996.0,1038.5,,4,0,1,,,,
80.0,2024-06-13,22:55:00,22:55:00,First,,Denver,Loss,Mirage,T,6.0,2.0,10.0,3.0,3.0,9.0,1175.0,48.0,22.0,Loss,868.0,4.0,0.63,51.0,1124.0,1108.0,1116.0,,5,5,0,,,,
81.0,2024-06-16,21:05:00,21:05:00,Second,,Chicago,Win,Vertigo,CT,2.0,1.0,5.0,4.0,6.0,9.0,1071.0,59.0,17.0,Win,839.0,5.0,0.62,53.0,1166.0,1102.0,1134.0,,1,0,1,,,,
82.0,2024-06-16,21:45:00,21:45:00,Second,,Dallas,Loss,Vertigo,T,0.0,4.0,8.0,2.0,4.0,3.0,830.0,46.0,50.0,Win,859.0,5.0,0.68,47.0,1191.0,1249.0,1220.0,,2,0,2,,,,
83.0,2024-06-20,18:16:00,18:16:00,Second,,Dallas,Loss,Mirage,T,5.0,3.0,9.0,4.0,4.0,5.0,1113.0,50.0,33.0,Win,882.0,4.0,0.8,51.0,1102.0,1079.0,1090.5,,1,0,3,,,,
84.0,2024-06-20,19:01:00,19:01:00,First,,Chicago,Loss,Ancient,T,6.0,1.0,12.0,11.0,2.0,5.0,,51.0,41.0,Loss,903.0,4.0,0.96,50.0,1104.0,1104.0,1104.0,T,2,2,0,,,,
85.0,2024-06-23,17:02:00,17:02:00,First,,Chicago,Win,Inferno,CT,5.0,5.0,4.0,6.0,5.0,9.0,1423.0,71.0,36.0,Win,881.0,1.0,1.13,49.0,894.0,907.0,900.5,,1,0,1,,,,
86.0,2024-06-23,19:46:00,19:46:00,Second,Aimlabs,Chicago,Loss,Mirage,T,4.0,1.0,12.0,16.0,2.0,6.0,1883.0,89.0,35.0,Loss,903.0,1.0,1.22,51.0,911.0,882.0,896.5,,2,2,0,,,,
87.0,2024-06-23,20:37:00,20:37:00,Second,,Denver,Win,Mirage,CT,12.0,2.0,6.0,0.0,0.0,0.0,1286.0,118.0,23.0,Win,882.0,1.0,1.75,49.0,838.0,855.0,846.5,S,3,0,1,,,,
88.0,2024-06-24,23:02:00,23:02:00,First,,Dallas,Win,Nuke,T,8.0,0.0,9.0,8.0,2.0,5.0,1471.0,70.0,50.0,Win,908.0,2.0,1.09,50.0,862.0,856.0,859.0,,1,0,2,,,,
89.0,2024-06-27,18:17:00,18:17:00,First,Aimlabs,Chicago,Win,Anubis,T,10.0,3.0,8.0,4.0,4.0,5.0,1869.0,89.0,36.0,Win,935.0,1.0,1.16,50.0,961.0,963.0,962.0,,1,0,3,,,,
90.0,2024-06-27,19:28:00,19:28:00,Second,,Denver,Win,Dust II,CT,6.0,3.0,6.0,7.0,1.0,10.0,,63.0,30.0,Loss,959.0,1.0,0.76,53.0,942.0,873.0,907.5,,2,2,0,,,,
91.0,2024-06-27,20:09:00,20:09:00,First,,Chicago,Win,Mirage,CT,9.0,3.0,8.0,9.0,5.0,9.0,2034.0,84.0,38.0,Win,932.0,1.0,1.13,52.0,947.0,899.0,923.0,,3,0,1,,,,
92.0,2024-06-27,22:35:00,22:35:00,Second,,Denver,Win,Vertigo,CT,3.0,0.0,3.0,8.0,3.0,8.0,1168.0,68.0,54.0,Win,956.0,2.0,0.95,49.0,979.0,1006.0,992.5,,4,0,2,,,,
93.0,2024-06-27,23:21:00,23:21:00,Second,,Denver,Win,Mirage,CT,3.0,0.0,9.0,11.0,1.0,7.0,1339.0,60.0,50.0,Win,983.0,1.0,0.76,50.0,1000.0,997.0,998.5,,5,0,3,,,,
94.0,2024-06-30,19:37:00,19:37:00,Second,,Chicago,Loss,Mirage,T,5.0,4.0,10.0,9.0,1.0,6.0,1598.0,66.0,28.0,Win,1008.0,1.0,0.91,50.0,874.0,881.0,877.5,,1,0,4,,,,
95.0,2024-06-30,20:27:00,20:27:00,First,,Chicago,Win,Dust II,CT,7.0,9.0,9.0,6.0,4.0,11.0,2020.0,69.0,69.0,Loss,1033.0,1.0,0.9,53.0,1115.0,1046.0,1080.5,,2,2,0,,,,
96.0,2024-06-30,21:24:00,21:24:00,Second,,Chicago,Loss,Anubis,CT,2.0,0.0,4.0,9.0,0.0,10.0,799.0,44.0,45.0,Loss,1004.0,1.0,0.73,50.0,1180.0,1185.0,1182.5,,3,3,0,,,,
97.0,2024-06-30,22:13:00,22:13:00,First,Aimlabs,Denver,Win,Vertigo,CT,3.0,1.0,4.0,14.0,2.0,8.0,1884.0,104.0,52.0,Win,979.0,1.0,1.49,50.0,972.0,964.0,968.0,,4,0,1,,,,
98.0,2024-07-01,22:26:00,22:26:00,First,Aimlabs,Chicago,Loss,Ancient,T,10.0,8.0,7.0,10.0,4.0,11.0,2181.0,72.0,35.0,Win,1008.0,1.0,1.11,52.0,916.0,878.0,897.0,,1,0,2,,,,
99.0,2024-07-03,21:33:00,21:33:00,Second,,Chicago,Win,Inferno,CT,5.0,1.0,9.0,4.0,7.0,8.0,1484.0,64.0,25.0,Loss,1032.0,1.0,0.8,52.0,1071.0,1035.0,1053.0,,1,2,0,,,,
100.0,2024-07-03,22:20:00,22:20:00,First,Aimlabs,Chicago,Win,Dust II,CT,6.0,5.0,9.0,1.0,4.0,8.0,1199.0,49.0,28.0,Win,1003.0,1.0,0.6,47.0,991.0,1056.0,1023.5,,2,0,1,,,,
101.0,2024-07-03,23:11:00,23:11:00,Second,Aimlabs,Chicago,Win,Anubis,CT,7.0,1.0,4.0,7.0,3.0,10.0,1462.0,76.0,71.0,Loss,1025.0,1.0,1.08,53.0,1076.0,1008.0,1042.0,,3,3,0,,,,
102.0,2024-07-07,15:44:00,15:44:00,Second,,Chicago,Win,Dust II,CT,10.0,4.0,8.0,7.0,2.0,3.0,2239.0,101.0,29.0,Win,1001.0,1.0,1.42,50.0,935.0,929.0,932.0,,1,0,1,,,,
103.0,2024-07-07,16:25:00,16:25:00,Second,,Chicago,Loss,Anubis,CT,4.0,2.0,6.0,6.0,1.0,10.0,990.0,55.0,20.0,Loss,1029.0,1.0,0.75,50.0,1179.0,1186.0,1182.5,,2,2,0,,,,
104.0,2024-07-07,17:17:00,17:17:00,First,,Denver,Win,Mirage,CT,2.0,1.0,2.0,4.0,2.0,12.0,759.0,54.0,50.0,Loss,1001.0,1.0,0.41,50.0,925.0,925.0,925.0,,3,3,0,,,,
105.0,2024-07-07,17:56:00,17:56:00,Second,Aimlabs,Chicago,Loss,Mirage,T,6.0,1.0,2.0,0.0,0.0,0.0,500.0,62.0,16.0,Win,971.0,1.0,1.44,50.0,977.0,978.0,977.5,EL,4,0,1,,,,
106.0,2024-07-07,20:05:00,20:05:00,First,,Chicago,Loss,Vertigo,T,3.0,0.0,10.0,3.0,1.0,7.0,645.0,33.0,33.0,Loss,996.0,1.0,0.27,48.0,852.0,900.0,876.0,TML,5,5,0,,,,
107.0,2024-07-07,23:03:00,23:03:00,First,,Chicago,Win,Anubis,CT,11.0,1.0,8.0,13.0,1.0,6.0,2278.0,103.0,37.0,Win,936.0,1.0,1.58,50.0,937.0,941.0,939.0,,6,0,1,,,,
108.0,2024-07-11,23:38:00,23:38:00,Second,,Chicago,Win,Vertigo,CT,5.0,1.0,8.0,3.0,3.0,9.0,1132.0,56.0,25.0,Loss,966.0,1.0,0.56,50.0,1035.0,1046.0,1040.5,,1,7,0,,,,
109.0,2024-07-12,00:10:00,00:10:00,Second,,Chicago,Win,Ancient,CT,12.0,0.0,5.0,8.0,2.0,10.0,,86.0,35.0,Loss,938.0,1.0,1.31,48.0,862.0,906.0,884.0,,1,2,0,,,,
110.0,2024-07-12,23:44:00,23:44:00,Second,Aimlabs,Chicago,Loss,Nuke,T,4.0,2.0,9.0,4.0,3.0,4.0,1123.0,62.0,62.0,Loss,919.0,1.0,0.73,49.0,952.0,971.0,961.5,,2,2,0,,,,
111.0,2024-07-13,00:25:00,00:25:00,Second,Aimlabs,Chicago,Loss,Inferno,T,11.0,3.0,7.0,8.0,2.0,8.0,2336.0,101.0,15.0,Loss,892.0,1.0,1.27,49.0,585.0,603.0,594.0,,1,3,0,,,,
112.0,2024-07-13,10:52:00,10:52:00,Second,Aimlabs,Chicago,Loss,Anubis,T,10.0,3.0,10.0,3.0,1.0,4.0,1444.0,80.0,46.0,Win,870.0,1.0,1.09,51.0,947.0,932.0,939.5,,2,0,1,,,,
113.0,2024-07-13,11:39:00,11:39:00,Second,Aimlabs,Chicago,Win,Nuke,CT,6.0,3.0,2.0,9.0,4.0,8.0,1328.0,78.0,26.0,Win,898.0,1.0,1.42,53.0,636.0,569.0,602.5,,3,0,2,,,,
114.0,2024-07-13,22:07:00,22:07:00,First,,Chicago,Win,Inferno,CT,5.0,3.0,4.0,1.0,5.0,12.0,1156.0,55.0,33.0,Win,922.0,1.0,0.64,48.0,987.0,1019.0,1003.0,T,4,0,3,,,,
115.0,2024-07-13,22:51:00,22:51:00,Second,,Denver,Win,Anubis,T,10.0,3.0,5.0,2.0,1.0,0.0,1238.0,82.0,66.0,Win,943.0,1.0,1.61,50.0,965.0,965.0,965.0,S,5,0,4,,,,
116.0,2024-07-13,23:28:00,23:28:00,First,Aimlabs,Chicago,Loss,Vertigo,T,8.0,2.0,10.0,6.0,1.0,6.0,1368.0,65.0,42.0,Loss,973.0,1.0,0.91,48.0,869.0,916.0,892.5,,6,6,0,,,,
117.0,2024-07-14,20:51:00,20:51:00,First,,Denver,Loss,Anubis,T,5.0,6.0,9.0,0.0,0.0,5.0,991.0,58.0,40.0,Loss,950.0,1.0,0.48,49.0,1000.0,1022.0,1011.0,,1,7,0,,,,
118.0,2024-07-14,23:15:00,23:15:00,First,,Denver,Win,Mirage,CT,7.0,6.0,4.0,4.0,3.0,8.0,1235.0,58.0,36.0,Win,922.0,1.0,0.95,50.0,1097.0,1100.0,1098.5,,2,0,1,,,,
119.0,2024-07-15,00:00:00,00:00:00,First,,Chicago,Win,Vertigo,T,,,,,,,1349.0,61.0,30.0,Win,947.0,1.0,0.83,50.0,867.0,867.0,867.0,,1,0,2,,,,
120.0,2024-07-15,19:45:00,19:45:00,First,,Chicago,Win,Mirage,CT,5.0,2.0,8.0,9.0,0.0,5.0,1475.0,67.0,36.0,Win,968.0,1.0,1.06,50.0,875.0,871.0,873.0,,2,0,3,,,,
121.0,2024-07-15,21:39:00,21:39:00,Second,,Chicago,Win,Inferno,CT,2.0,0.0,0.0,9.0,6.0,7.0,1095.0,68.0,27.0,Win,992.0,1.0,1.37,52.0,1107.0,1071.0,1089.0,,3,0,4,,,,
122.0,2024-07-15,22:20:00,22:20:00,First,Aimlabs,Chicago,Win,Inferno,CT,4.0,1.0,6.0,4.0,4.0,8.0,,57.0,62.0,Loss,1020.0,1.0,0.76,50.0,966.0,974.0,970.0,,4,4,0,,,,
123.0,2024-07-15,23:06:00,23:06:00,Second,,Chicago,Loss,Ancient,CT,2.0,2.0,6.0,6.0,4.0,9.0,779.0,43.0,0.0,Loss,991.0,1.0,0.55,51.0,1023.0,1010.0,1016.5,,5,5,0,,,,
124.0,2024-07-15,23:55:00,23:55:00,First,Aimlabs,Denver,Loss,Vertigo,T,10.0,2.0,10.0,0.0,0.0,4.0,1089.0,68.0,40.0,Loss,962.0,1.0,0.78,50.0,988.0,988.0,988.0,,6,6,0,,,,
125.0,2024-07-21,18:00:00,18:00:00,Second,Aimlabs,Chicago,Loss,Mirage,T,9.0,1.0,9.0,5.0,2.0,2.0,1126.0,62.0,33.0,Win,935.0,1.0,1.04,50.0,877.0,889.0,883.0,,1,0,1,,,,
126.0,2024-07-21,18:49:00,18:49:00,Second,Aimlabs,Denver,Win,Mirage,CT,4.0,2.0,5.0,10.0,5.0,10.0,1517.0,79.0,50.0,Loss,965.0,1.0,1.15,49.0,991.0,1003.0,997.0,,2,2,0,,,,
127.0,2024-07-21,20:07:00,20:07:00,First,Aimlabs,Chicago,Loss,Mirage,T,7.0,3.0,10.0,3.0,0.0,2.0,1038.0,64.0,40.0,Win,942.0,1.0,0.91,48.0,1045.0,1093.0,1069.0,,3,0,1,,,,
128.0,2024-07-22,18:49:00,18:49:00,Second,Aimlabs,Chicago,Loss,Dust II,CT,9.0,2.0,6.0,8.0,2.0,11.0,2008.0,91.0,35.0,Loss,965.0,1.0,1.17,50.0,862.0,863.0,862.5,,1,4,0,,,,
129.0,2024-07-22,19:33:00,19:33:00,First,,Denver,Win,Dust II,T,9.0,5.0,9.0,6.0,2.0,12.0,1847.0,76.0,53.0,Loss,942.0,1.0,0.84,50.0,960.0,959.0,959.5,,2,2,0,,,,
130.0,2024-07-22,23:11:00,23:11:00,First,Aimlabs,Chicago,Win,Mirage,CT,6.0,0.0,12.0,10.0,4.0,12.0,1914.0,63.0,18.0,Loss,913.0,1.0,0.73,50.0,1032.0,1030.0,1031.0,,3,3,0,,,,
131.0,2024-07-26,20:03:00,20:03:00,First,,Chicago,Loss,Mirage,T,11.0,5.0,8.0,3.0,1.0,7.0,1885.0,99.0,57.0,Loss,913.0,1.0,1.21,50.0,948.0,957.0,952.5,,1,4,0,,,,
132.0,2024-07-26,20:49:00,20:49:00,Second,Aimlabs,Chicago,Win,Vertigo,CT,4.0,3.0,7.0,9.0,2.0,8.0,1457.0,72.0,33.0,Win,890.0,1.0,0.92,50.0,894.0,894.0,894.0,,2,0,1,,,,
133.0,2024-07-28,22:31:00,22:31:00,First,Aimlabs,Denver,Win,Vertigo,CT,12.0,4.0,16.0,9.0,9.0,15.0,2870.0,71.0,52.0,Win,915.0,1.0,0.84,49.0,862.0,886.0,874.0,,1,0,2,,,,
134.0,2024-07-29,18:54:00,18:54:00,First,,Denver,Win,Anubis,CT,2.0,0.0,4.0,13.0,3.0,8.0,1480.0,87.0,33.0,Win,937.0,1.0,1.26,50.0,999.0,1005.0,1002.0,,1,0,3,,,,
135.0,2024-07-29,21:01:00,21:01:00,First,,Denver,Win,Vertigo,CT,10.0,6.0,14.0,8.0,2.0,10.0,2199.0,73.0,50.0,Win,967.0,1.0,1.01,51.0,936.0,924.0,930.0,,2,0,4,,,,
136.0,2024-07-29,23:02:00,23:02:00,Second,,Chicago,Win,Mirage,CT,8.0,1.0,7.0,8.0,4.0,9.0,1941.0,84.0,50.0,Loss,988.0,1.0,1.04,50.0,927.0,931.0,929.0,,3,3,0,,,,
137.0,2024-07-29,23:47:00,23:47:00,First,,Chicago,Loss,Mirage,T,11.0,3.0,10.0,17.0,11.0,10.0,3418.0,117.0,34.0,Win,965.0,1.0,1.59,52.0,1072.0,1021.0,1046.5,,4,0,1,,,,
138.0,2024-08-01,18:19:00,18:19:00,First,,Chicago,Win,Inferno,CT,2.0,2.0,7.0,10.0,6.0,7.0,1641.0,82.0,25.0,Loss,993.0,1.0,1.0,50.0,1006.0,1010.0,1008.0,,1,5,0,,,,
139.0,2024-08-01,19:06:00,19:06:00,First,Aimlabs,Chicago,Win,Nuke,CT,1.0,3.0,5.0,3.0,4.0,9.0,848.0,49.0,50.0,Loss,969.0,1.0,0.5,50.0,973.0,968.0,970.5,,2,2,0,,,,
140.0,2024-08-01,19:51:00,19:51:00,Second,Aimlabs,Chicago,Loss,Mirage,T,4.0,4.0,12.0,1.0,5.0,8.0,1158.0,57.0,40.0,Loss,939.0,1.0,0.42,50.0,872.0,872.0,872.0,,3,3,0,,,,
141.0,2024-08-01,21:53:00,21:53:00,Second,Aimlabs,Denver,Win,Inferno,CT,10.0,1.0,8.0,8.0,2.0,10.0,1932.0,84.0,33.0,Loss,909.0,1.0,1.09,50.0,907.0,917.0,912.0,,4,4,0,,,,
142.0,2024-08-01,22:49:00,22:49:00,First,Aimlabs,Chicago,Win,Ancient,T,9.0,3.0,10.0,10.0,4.0,7.0,1835.0,76.0,26.0,Win,885.0,1.0,1.26,50.0,1019.0,1017.0,1018.0,,5,0,1,,,,
143.0,2024-08-01,23:44:00,23:44:00,First,Aimlabs,Chicago,Win,Dust II,T,13.0,3.0,4.0,4.0,0.0,0.0,1280.0,91.0,29.0,Win,911.0,1.0,1.85,53.0,966.0,909.0,937.5,EL,6,0,2,,,,
144.0,2024-08-02,00:25:00,00:25:00,First,,Chicago,Win,Nuke,CT,9.0,5.0,9.0,6.0,7.0,12.0,2268.0,94.0,53.0,Loss,940.0,1.0,1.11,50.0,890.0,887.0,888.5,,1,7,0,,,,
145.0,2024-08-02,22:20:00,22:20:00,First,,Chicago,Win,Inferno,T,21.0,2.0,5.0,5.0,1.0,5.0,2727.0,136.0,46.0,Win,912.0,2.0,2.04,51.0,850.0,822.0,836.0,,2,0,1,,,,
146.0,2024-08-05,19:04:00,19:04:00,First,Aimlabs,Denver,Loss,Mirage,T,12.0,4.0,8.0,2.0,1.0,3.0,1349.0,80.0,64.0,Win,941.0,1.0,1.22,50.0,960.0,969.0,964.5,,1,0,2,,,,
147.0,2024-08-05,19:51:00,19:51:00,First,Aimlabs,Chicago,Win,Ancient,CT,2.0,1.0,5.0,5.0,3.0,10.0,978.0,57.0,14.0,Loss,970.0,1.0,0.7,50.0,1050.0,1051.0,1050.5,TML,2,2,0,,,,
148.0,2024-08-07,19:20:00,19:20:00,First,Aimlabs,Chicago,Loss,Nuke,T,11.0,1.0,9.0,9.0,7.0,10.0,2276.0,94.0,14.0,Loss,955.0,1.0,1.35,50.0,983.0,979.0,981.0,,1,3,0,,,,
149.0,2024-08-07,20:21:00,20:21:00,Second,Aimlabs,Chicago,Win,Mirage,CT,0.0,0.0,0.0,0.0,5.0,7.0,402.0,80.0,0.0,Win,933.0,1.0,0.62,50.0,875.0,875.0,875.0,EL-S,2,0,1,,,,
150.0,2024-08-07,20:45:00,20:45:00,First,,Chicago,Win,Dust II,CT,6.0,3.0,12.0,9.0,3.0,9.0,1671.0,69.0,40.0,Loss,958.0,1.0,0.94,49.0,927.0,941.0,934.0,,3,3,0,,,,
151.0,2024-08-11,19:56:00,19:56:00,First,Aimlabs,Chicago,Win,Ancient,CT,6.0,3.0,11.0,7.0,2.0,12.0,,57.0,69.0,Win,929.0,4.0,0.76,49.0,1108.0,1121.0,1114.5,,1,0,1,,,,
152.0,2024-08-11,20:58:00,20:58:00,First,,Dallas,Win,Anubis,CT,7.0,5.0,4.0,5.0,0.0,6.0,1601.0,80.0,41.0,Win,951.0,4.0,1.11,51.0,1161.0,1135.0,1148.0,,2,0,2,,,,
153.0,2024-08-14,10:44:00,10:44:00,First,Aimlabs,Denver,Win,Nuke,CT,4.0,1.0,4.0,5.0,0.0,9.0,922.0,48.0,33.0,Loss,977.0,1.0,0.69,52.0,792.0,758.0,775.0,,1,3,0,,,,
154.0,2024-08-14,11:35:00,11:35:00,Second,Aimlabs,Chicago,Win,Ancient,CT,2.0,2.0,8.0,3.0,5.0,8.0,1098.0,54.0,42.0,Loss,947.0,1.0,,50.0,951.0,952.0,951.5,,2,2,0,,,,
155.0,2024-08-14,16:09:00,16:09:00,Second,Aimlabs,Chicago,Win,Dust II,CT,10.0,2.0,6.0,11.0,2.0,10.0,2089.0,94.0,47.0,Loss,917.0,1.0,1.36,50.0,833.0,840.0,836.5,,3,3,0,,,,
156.0,2024-08-14,20:25:00,20:25:00,First,,Chicago,Win,Ancient,CT,2.0,1.0,7.0,4.0,5.0,5.0,718.0,35.0,67.0,Win,897.0,5.0,,,,,0.0,,4,0,1,,,,
157.0,2024-08-14,21:45:00,21:45:00,Second,,Chicago,Loss,Anubis,CT,2.0,0.0,5.0,0.0,4.0,9.0,616.0,34.0,50.0,Loss,897.0,5.0,,,,,0.0,,5,5,0,,,,
158.0,2024-08-14,22:13:00,22:13:00,First,,Dallas,Win,Mirage,CT,6.0,4.0,4.0,11.0,3.0,8.0,1875.0,89.0,24.0,Win,897.0,3.0,1.34,49.0,1047.0,1060.0,1053.5,,6,0,1,,,,
159.0,2024-08-15,23:48:00,23:48:00,Second,Aimlabs,Chicago,Win,Inferno,CT,4.0,0.0,3.0,9.0,0.0,8.0,1415.0,83.0,46.0,Loss,927.0,1.0,1.18,51.0,737.0,722.0,729.5,,1,7,0,,,,
160.0,2024-08-16,00:33:00,00:33:00,Second,Aimlabs,Denver,Loss,Mirage,T,6.0,2.0,12.0,11.0,3.0,13.0,2121.0,70.0,53.0,Loss,904.0,1.0,0.89,51.0,915.0,891.0,903.0,,1,2,0,,,,
161.0,2024-08-26,21:30:00,21:30:00,Second,,Dallas,Win,Inferno,CT,4.0,1.0,3.0,4.0,5.0,5.0,,56.0,25.0,Win,876.0,2.0,0.99,50.0,890.0,885.0,887.5,,1,0,1,,,,
162.0,2024-08-26,22:27:00,22:27:00,First,,Dallas,Win,Anubis,T,9.0,2.0,12.0,8.0,0.0,11.0,1947.0,64.0,29.0,Loss,899.0,2.0,0.83,50.0,1048.0,1048.0,1048.0,,2,2,0,,,,
163.0,2024-08-28,20:10:00,20:10:00,Second,,Chicago,Win,Mirage,CT,1.0,2.0,10.0,8.0,1.0,6.0,1141.0,47.0,44.0,Loss,871.0,5.0,,,,,0.0,,1,3,0,,,,
164.0,2024-09-01,16:22:00,16:22:00,First,,Chicago,Loss,Vertigo,T,5.0,8.0,13.0,14.0,5.0,10.0,2821.0,97.0,22.0,Win,871.0,1.0,,50.0,855.0,856.0,855.5,,1,0,1,,,,
165.0,2024-09-01,20:26:00,20:26:00,First,,Chicago,Win,Mirage,CT,4.0,2.0,8.0,4.0,3.0,8.0,1140.0,47.0,39.0,Win,900.0,4.0,0.59,52.0,1158.0,1120.0,1139.0,,2,0,2,,,,
166.0,2024-09-01,21:14:00,21:14:00,Second,,Chicago,Loss,Anubis,T,8.0,5.0,8.0,2.0,1.0,3.0,1109.0,74.0,50.0,Win,921.0,4.0,1.02,49.0,1156.0,1183.0,1169.5,,3,0,3,,,,
167.0,2024-09-01,21:54:00,21:54:00,First,,Chicago,Win,Ancient,CT,8.0,3.0,6.0,12.0,3.0,7.0,2098.0,82.0,20.0,Win,948.0,4.0,1.38,51.0,1228.0,1205.0,1216.5,,4,0,4,,,,
168.0,2024-09-08,17:04:00,17:04:00,Second,Aimlabs,Chicago,Loss,Mirage,T,0.0,,,2.0,,,,32.0,50.0,Loss,979.0,1.0,0.11,49.0,1069.0,1084.0,1076.5,,1,5,0,,,,
169.0,2024-09-08,18:46:00,18:46:00,Second,Aimlabs,Chicago,Loss,Mirage,T,12.0,6.0,11.0,17.0,4.0,6.0,3392.0,116.0,48.0,Win,950.0,1.0,1.68,50.0,843.0,843.0,843.0,,2,0,1,,,,
170.0,2024-09-08,20:18:00,20:18:00,First,,Dallas,Win,Dust II,T,14.0,1.0,11.0,11.0,5.0,13.0,2399.0,70.0,52.0,Loss,980.0,5.0,1.09,52.0,1425.0,1382.0,1403.5,,3,3,0,,,,
171.0,2024-09-08,21:23:00,21:23:00,Second,,Chicago,Win,Mirage,CT,11.0,0.0,8.0,5.0,2.0,9.0,1701.0,73.0,,Win,962.0,5.0,,53.0,1364.0,1293.0,1328.5,,4,0,1,,,,
172.0,2024-09-08,22:15:00,22:15:00,First,,Dallas,Loss,Ancient,T,7.0,6.0,8.0,7.0,0.0,7.0,1271.0,57.0,7.0,Loss,984.0,5.0,1.03,,,,0.0,,5,5,0,,,,
173.0,2024-09-09,22:28:00,22:28:00,First,,Chicago,Win,Inferno,CT,18.0,4.0,10.0,12.0,3.0,8.0,,96.0,33.0,Loss,966.0,1.0,1.59,50.0,880.0,883.0,881.5,T,1,6,0,5.67,,,
174.0,2024-09-10,23:19:00,23:19:00,First,,Chicago,Win,Vertigo,T,9.0,2.0,9.0,6.0,1.0,9.0,1619.0,73.0,27.0,Loss,956.0,1.0,0.94,50.0,964.0,963.0,963.5,,1,2,0,,,,
175.0,2024-09-10,23:41:00,23:41:00,Second,,Chicago,Loss,Inferno,T,7.0,5.0,9.0,6.0,0.0,3.0,1388.0,77.0,30.0,Win,932.0,1.0,1.14,48.0,926.0,962.0,944.0,,2,0,1,-0.35,,,
176.0,2024-09-15,16:52:00,16:52:00,First,,Chicago,Win,Anubis,CT,9.0,3.0,5.0,6.0,2.0,8.0,1767.0,80.0,26.0,Win,957.0,1.0,1.09,51.0,1033.0,1015.0,1024.0,,1,0,2,2.12,,,
177.0,2024-09-15,18:48:00,18:48:00,First,Aimlabs,Denver,Win,Vertigo,T,8.0,6.0,8.0,7.0,3.0,6.0,1879.0,89.0,46.0,Win,985.0,1.0,1.25,50.0,883.0,885.0,884.0,,2,0,3,1.94,,,
178.0,2024-09-17,20:02:00,20:02:00,First,,Chicago,Loss,Mirage,T,10.0,2.0,0.0,4.0,3.0,9.0,1495.0,83.0,43.0,Win,1012.0,3.0,1.3,50.0,1055.0,1057.0,1056.0,,1,0,4,2.64,,,
179.0,2024-09-17,20:33:00,20:33:00,Second,,Chicago,Win,Ancient,CT,2.0,4.0,4.0,6.0,3.0,8.0,1037.0,55.0,14.0,Loss,1041.0,3.0,0.88,51.0,1060.0,1041.0,1050.5,,2,2,0,-4.83,,,
180.0,2024-09-17,21:09:00,21:09:00,First,,Chicago,Win,Inferno,CT,,,,,,,1803.0,64.0,38.0,Loss,1012.0,3.0,0.86,48.0,1029.0,1077.0,1053.0,,3,3,0,-1.42,,,
181.0,2024-09-19,21:03:00,21:03:00,Second,,Chicago,Win,Mirage,CT,3.0,1.0,6.0,9.0,1.0,11.0,1275.0,70.0,41.0,Loss,984.0,4.0,0.78,52.0,940.0,887.0,913.5,,1,4,0,-8.53,,,
182.0,2024-09-19,21:44:00,21:44:00,Second,,Denver,Loss,Anubis,CT,4.0,2.0,7.0,11.0,4.0,8.0,1910.0,100.0,42.0,Loss,954.0,4.0,1.14,51.0,907.0,892.0,899.5,,2,2,0,-1.33,,,
183.0,2024-09-21,20:54:00,20:54:00,First,,Chicago,Win,Nuke,T,5.0,4.0,6.0,3.0,0.0,2.0,1073.0,63.0,25.0,Win,931.0,1.0,1.05,50.0,1003.0,998.0,1000.5,,1,0,1,-2.32,,,
184.0,2024-09-22,15:57:00,15:57:00,Second,Aimlabs,Chicago,Win,Inferno,CT,4.0,3.0,4.0,8.0,5.0,7.0,1262.0,66.0,33.0,Win,955.0,1.0,1.22,50.0,961.0,960.0,960.5,,1,0,2,-0.51,,,
185.0,2024-09-22,16:42:00,16:42:00,Second,Aimlabs,Denver,Loss,Dust II,T,11.0,2.0,8.0,4.0,3.0,5.0,1429.0,71.0,46.0,Win,978.0,1.0,1.15,50.0,1046.0,1044.0,1045.0,,2,0,3,1.94,,,
186.0,2024-09-22,20:32:00,20:32:00,Second,,Chicago,Loss,Nuke,T,10.0,4.0,7.0,12.0,3.0,10.0,2364.0,78.0,27.0,Win,1007.0,1.0,1.21,50.0,1034.0,1023.0,1028.5,,3,0,4,2.58,,,
187.0,2024-09-22,21:43:00,21:43:00,Second,Aimlabs,Chicago,Win,Mirage,CT,7.0,2.0,8.0,7.0,1.0,8.0,1385.0,57.0,29.0,Loss,1035.0,1.0,0.93,50.0,1048.0,1055.0,1051.5,,4,4,0,1.95,,,
188.0,2024-09-22,22:28:00,22:28:00,First,,Chicago,Win,Vertigo,CT,8.0,0.0,2.0,7.0,3.0,10.0,1291.0,64.0,33.0,Win,1008.0,1.0,1.17,51.0,941.0,913.0,927.0,,5,0,1,1.55,,,
189.0,2024-09-24,19:42:00,19:42:00,Second,,Chicago,Loss,Inferno,T,8.0,4.0,8.0,3.0,1.0,3.0,1353.0,71.0,45.0,Win,1031.0,2.0,0.98,49.0,1041.0,1063.0,1052.0,,1,0,2,4.31,,,
190.0,2024-09-24,20:25:00,20:25:00,Second,,Denver,Loss,Anubis,T,4.0,4.0,6.0,0.0,0.0,0.0,481.0,37.0,100.0,Win,1061.0,3.0,0.84,51.0,1056.0,1040.0,1048.0,,2,0,3,,,,
191.0,2024-09-24,20:57:00,20:57:00,First,,Chicago,Win,Mirage,CT,6.0,4.0,7.0,5.0,4.0,7.0,1361.0,64.0,27.0,Win,1082.0,3.0,1.04,50.0,1046.0,1057.0,1051.5,,3,0,4,-1.89,,,
192.0,2024-09-24,21:43:00,21:43:00,First,,Chicago,Win,Anubis,CT,4.0,3.0,7.0,4.0,5.0,8.0,1145.0,52.0,12.0,Loss,1104.0,3.0,0.7,51.0,1388.0,1365.0,1376.5,,4,4,0,-3.03,,,
193.0,2024-09-26,19:57:00,19:57:00,Second,,Denver,Win,Vertigo,CT,10.0,4.0,8.0,5.0,3.0,9.0,1897.0,79.0,27.0,Loss,1094.0,3.0,,50.0,1044.0,1053.0,1048.5,,1,5,0,-4.48,,,
194.0,2024-09-26,20:50:00,20:50:00,First,,Chicago,Loss,Inferno,T,10.0,3.0,7.0,5.0,2.0,8.0,1733.0,82.0,46.0,Win,1069.0,3.0,,50.0,1127.0,1135.0,1131.0,EL,2,0,1,1.17,,,
195.0,2024-09-27,20:23:00,20:23:00,First,,Chicago,X,Vertigo,T,4.0,2.0,12.0,1.0,0.0,1.0,630.0,48.0,60.0,Loss,1097.0,5.0,,,,,0.0,,1,3,0,,,,
196.0,2024-09-27,20:50:00,20:50:00,First,,Chicago,X,Anubis,CT,2.0,0.0,4.0,8.0,2.0,11.0,1196.0,74.0,30.0,Loss,1097.0,5.0,,,,,0.0,,2,2,0,,,,
197.0,2024-09-30,22:59:00,22:59:00,Second,,Denver,Win,Dust II,CT,4.0,2.0,5.0,12.0,4.0,9.0,1815.0,95.0,31.0,Win,1097.0,2.0,1.4,49.0,1146.0,1160.0,1153.0,,1,0,1,1.34,,,
198.0,2024-10-01,19:59:00,19:59:00,Second,,Denver,Loss,Mirage,T,12.0,1.0,3.0,0.0,1.0,2.0,775.0,55.0,33.0,Win,1125.0,3.0,1.43,48.0,1009.0,1043.0,1026.0,,1,0,2,5.87,,,
199.0,2024-10-01,20:34:00,20:34:00,Second,,Chicago,Loss,Mirage,CT,7.0,3.0,6.0,11.0,3.0,7.0,1926.0,83.0,55.0,Win,1155.0,3.0,1.34,50.0,1064.0,1072.0,1068.0,,2,0,3,4.16,,,
200.0,2024-10-01,21:28:00,21:28:00,First,,Chicago,Win,Ancient,CT,8.0,3.0,8.0,8.0,2.0,2.0,1745.0,91.0,25.0,Win,1184.0,2.0,1.41,51.0,1059.0,1039.0,1049.0,,3,0,4,5.92,,,
201.0,2024-10-01,22:12:00,22:12:00,Second,,Denver,Win,Inferno,CT,1.0,3.0,7.0,7.0,2.0,6.0,1074.0,50.0,53.0,Win,1212.0,2.0,0.63,50.0,1086.0,1093.0,1089.5,,4,0,5,-4.34,,,
202.0,2024-10-03,22:14:00,22:14:00,First,,Denver,Win,Dust II,T,5.0,7.0,8.0,2.0,1.0,6.0,1200.0,66.0,14.0,Loss,1235.0,1.0,,51.0,1115.0,1099.0,1107.0,,1,5,0,-4.39,78.0,44.0,83.0
203.0,2024-10-03,22:51:00,22:51:00,First,Aimlabs,Denver,Win,Dust II,CT,9.0,1.0,3.0,7.0,6.0,10.0,1715.0,85.0,19.0,Loss,1204.0,1.0,,51.0,1155.0,1142.0,1148.5,,2,2,0,-2.64,72.0,64.0,59.0
204.0,2024-10-11,19:18:00,19:18:00,Second,,Denver,X,Nuke,CT,2.0,3.0,9.0,6.0,2.0,9.0,1245.0,51.0,50.0,Loss,1182.0,5.0,,,,,0.0,,1,3,0,-4.71,33.0,56.0,57.0
205.0,2024-10-11,20:00:00,20:00:00,Second,,Denver,X,Anubis,T,6.0,5.0,14.0,10.0,6.0,7.0,1936.0,64.0,50.0,Loss,1182.0,5.0,,,,,0.0,,2,2,0,0.53,44.0,53.0,61.0
206.0,2024-10-16,20:19:00,20:19:00,Second,,Chicago,Loss,Anubis,CT,8.0,4.0,4.0,10.0,2.0,7.0,1781.0,80.0,50.0,Win,1182.0,3.0,,50.0,1090.0,1100.0,1095.0,EL,1,0,1,6.08,56.0,63.0,53.0
207.0,2024-10-17,20:48:00,20:48:00,First,,Chicago,Loss,Ancient,CT,6.0,1.0,5.0,9.0,5.0,8.0,1601.0,33.0,72.0,Win,1211.0,5.0,,49.0,1111.0,1129.0,1120.0,,1,0,2,2.38,78.0,61.0,49.0
208.0,2024-10-17,21:39:00,21:39:00,Second,,Chicago,Win,Anubis,CT,4.0,2.0,6.0,6.0,3.0,8.0,1213.0,57.0,40.0,Loss,1237.0,5.0,,50.0,1138.0,1140.0,1139.0,,2,2,0,-4.15,32.0,50.0,49.0
209.0,2024-10-19,00:02:00,00:02:00,First,,Chicago,Loss,Mirage,T,9.0,4.0,9.0,3.0,1.0,4.0,1771.0,98.0,25.0,Loss,1210.0,4.0,,48.0,888.0,941.0,914.5,,1,3,0,-1.59,88.0,56.0,46.0
210.0,2024-10-22,20:10:00,20:10:00,First,,Chicago,Win,Mirage,CT,9.0,4.0,10.0,12.0,5.0,8.0,1604.0,53.0,20.0,Loss,1188.0,3.0,,50.0,1151.0,1155.0,1153.0,,1,2,0,-0.93,69.0,47.0,39.0
211.0,2024-10-22,21:18:00,21:18:00,Second,,Chicago,Loss,Anubis,CT,,,,,,,1479.0,82.0,36.0,Loss,1163.0,3.0,,50.0,1099.0,1106.0,1102.5,,2,2,0,-4.05,66.0,69.0,77.0
212.0,2024-10-23,22:25:00,22:25:00,First,,Dallas,Win,Dust II,CT,,,,,,,1253.0,65.0,67.0,Loss,1137.0,2.0,,53.0,1156.0,1090.0,1123.0,,1,3,0,-8.93,71.0,45.0,51.0
213.0,2024-10-25,19:05:00,19:05:00,First,,Chicago,X,Anubis,CT,1.0,1.0,4.0,5.0,1.0,11.0,821.0,45.0,66.0,Loss,1106.0,5.0,,,,,0.0,,1,2,0,,,,
214.0,2024-10-25,19:46:00,19:46:00,First,,Chicago,X,Mirage,CT,2.0,1.0,8.0,8.0,3.0,6.0,1187.0,69.0,30.0,Loss,1106.0,5.0,,,,,0.0,,2,2,0,,,,
215.0,2024-10-25,23:03:00,23:03:00,Second,,Chicago,Loss,Vertigo,T,8.0,6.0,8.0,5.0,0.0,9.0,1469.0,77.0,38.0,Loss,1106.0,2.0,,50.0,1041.0,1042.0,1041.5,,3,3,0,-3.61,76.0,39.0,63.0
216.0,2024-10-25,23:40:00,23:40:00,Second,,Dallas,Win,Mirage,CT,4.0,1.0,6.0,7.0,3.0,8.0,1394.0,69.0,36.0,Loss,1079.0,2.0,,51.0,,,,,4,4,0,0.54,74.0,67.0,61.0
217.0,2024-10-25,20:08:00,20:08:00,First,,Denver,Loss,Inferno,T,,,,,,,1582.0,65.0,53.0,Loss,1052.0,3.0,,48.0,1058.0,1104.0,1081.0,TML,5,5,0,1.26,27.0,81.0,50.0
218.0,2024-10-31,20:28:00,20:28:00,Second,,Dallas,Win,Mirage,CT,4.0,2.0,7.0,4.0,5.0,8.0,1018.0,53.0,0.0,Loss,1029.0,2.0,,47.0,1113.0,1168.0,1140.5,,1,6,0,-2.81,69.0,75.0,49.0
219.0,2024-10-31,23:03:00,23:03:00,Second,,Chicago,Loss,Ancient,CT,4.0,1.0,5.0,5.0,2.0,9.0,821.0,48.0,67.0,Loss,1002.0,2.0,,50.0,1095.0,1093.0,1094.0,,2,2,0,-4.98,86.0,75.0,48.0
220.0,2024-10-31,23:33:00,23:33:00,Second,,Chicago,Win,Vertigo,CT,6.0,1.0,3.0,8.0,2.0,6.0,1252.0,65.0,7.0,Win,972.0,2.0,,52.0,981.0,950.0,965.5,,3,0,1,4.58,48.0,64.0,48.0
221.0,2024-11-05,19:49:00,19:49:00,Second,,Chicago,Win,Mirage,CT,3.0,2.0,5.0,10.0,2.0,4.0,,70.0,7.0,Win,1001.0,3.0,,50.0,979.0,985.0,982.0,,1,0,2,3.3,63.0,50.0,54.0
222.0,2024-11-05,20:27:00,20:27:00,Second,,Dallas,Loss,Mirage,T,8.0,3.0,5.0,5.0,1.0,4.0,1288.0,67.0,46.0,Win,1030.0,3.0,,50.0,1140.0,1151.0,1145.5,,2,0,3,2.67,19.0,62.0,70.0
223.0,2024-11-05,21:57:00,21:57:00,Second,,Denver,Loss,Mirage,CT,5.0,0.0,6.0,6.0,1.0,7.0,1177.0,53.0,9.0,Loss,1058.0,2.0,,49.0,1080.0,1103.0,1091.5,,3,3,0,-0.03,7.0,67.0,40.0
224.0,2024-11-05,22:41:00,22:41:00,,,Chicago,Win,Mirage,CT,4.0,2.0,6.0,7.0,1.0,6.0,,60.0,27.0,Loss,1031.0,2.0,,47.0,1125.0,1195.0,1160.0,,4,4,0,,,,
225.0,2024-11-12,21:06:00,21:06:00,Second,,Chicago,Loss,Mirage,T,12.0,0.0,6.0,9.0,2.0,8.0,2018.0,87.0,29.0,Win,1007.0,5.0,,54.0,974.0,888.0,931.0,,1,0,1,4.29,21.0,34.0,58.0
226.0,2024-11-15,20:06:00,20:06:00,Second,,Chicago,Loss,Anubis,CT,2.0,0.0,2.0,3.0,1.0,10.0,688.0,,,Loss,1034.0,5.0,,,,,0.0,,1,2,0,-12.94,10.0,65.0,69.0
227.0,2024-11-16,22:47:00,22:47:00,Second,,Dallas,Win,Train,CT,1.0,4.0,5.0,12.0,3.0,6.0,,66.0,23.0,Win,1034.0,2.0,,50.0,1064.0,1069.0,1066.5,,1,0,1,2.47,70.0,69.0,56.0
228.0,2024-11-16,22:26:00,22:26:00,First,,Chicago,Win,Mirage,CT,10.0,1.0,3.0,15.0,4.0,5.0,2203.0,115.0,20.0,Win,1061.0,2.0,,53.0,1002.0,939.0,970.5,,2,0,2,16.85,61.0,75.0,44.0
229.0,2024-11-17,00:03:00,00:03:00,First,,Chicago,Win,Dust II,CT,4.0,1.0,1.0,5.0,2.0,3.0,677.0,45.0,55.0,Win,1089.0,2.0,,50.0,1031.0,1027.0,1029.0,,1,0,3,7.19,8.0,46.0,20.0
230.0,2024-11-17,21:05:00,21:05:00,First,,Dallas,Win,Mirage,CT,6.0,2.0,4.0,6.0,2.0,8.0,,62.0,17.0,Loss,1115.0,3.0,,48.0,1113.0,1143.0,1128.0,,2,2,0,-4.02,27.0,44.0,32.0
231.0,2024-11-17,21:48:00,21:48:00,Second,,Dallas,Win,Vertigo,CT,2.0,1.0,5.0,8.0,5.0,10.0,1720.0,95.0,50.0,Loss,1089.0,3.0,,50.0,1017.0,1013.0,1015.0,,3,3,0,-2.36,54.0,63.0,57.0
232.0,2024-11-17,23:36:00,23:36:00,Second,,Chicago,Loss,Dust II,CT,11.0,3.0,4.0,6.0,1.0,8.0,1619.0,77.0,35.0,Win,1063.0,2.0,,47.0,1078.0,1132.0,1105.0,,4,0,1,6.68,76.0,58.0,59.0
233.0,2024-11-19,20:45:00,20:45:00,First,,Chicago,Win,Mirage,CT,2.0,1.0,2.0,10.0,2.0,7.0,1132.0,70.0,16.0,Win,1090.0,4.0,,52.0,1066.0,1031.0,1048.5,,1,0,2,-1.88,4.0,84.0,11.0
234.0,2024-11-19,23:11:00,23:11:00,First,,Dallas,Win,Nuke,CT,0.0,2.0,4.0,9.0,3.0,7.0,996.0,58.0,55.0,Win,1117.0,3.0,,50.0,1028.0,1024.0,1026.0,,2,0,3,-0.63,41.0,72.0,68.0
235.0,2024-11-19,21:01:00,21:01:00,First,,Chicago,X,Anubis,CT,6.0,1.0,4.0,2.0,1.0,12.0,,57.0,25.0,Loss,1140.0,5.0,,50.0,974.0,967.0,970.5,,3,3,0,,,,
236.0,2024-11-19,,,First,,Chicago,X,Vertigo,CT,6.0,2.0,5.0,6.0,0.0,10.0,,77.0,25.0,Loss,1140.0,5.0,,,,,0.0,,4,4,0,,,,
237.0,2024-11-22,22:35:00,22:35:00,First,,Denver,Loss,Dust II,T,5.0,6.0,12.0,13.0,4.0,9.0,2337.0,83.0,22.0,Win,1140.0,2.0,,52.0,1146.0,1104.0,1125.0,,1,0,1,-0.02,50.0,54.0,42.0
238.0,2024-11-24,20:05:00,20:05:00,First,,Chicago,Loss,Mirage,T,12.0,0.0,9.0,8.0,2.0,7.0,,89.0,30.0,Win,1162.0,2.0,,50.0,1109.0,1107.0,1108.0,,1,0,2,2.72,57.0,81.0,59.0
239.0,2024-11-24,20:54:00,20:54:00,First,,Dallas,Win,Mirage,CT,2.0,0.0,9.0,6.0,0.0,9.0,980.0,46.0,50.0,Loss,1190.0,2.0,,47.0,1113.0,1181.0,1147.0,,2,2,0,-6.95,28.0,59.0,39.0
240.0,2024-11-26,20:08:00,20:08:00,Second,,Chicago,Loss,Anubis,T,10.0,3.0,5.0,2.0,3.0,3.0,1280.0,80.0,25.0,Win,1206.0,4.0,,50.0,1148.0,1159.0,1153.5,,1,0,1,5.83,32.0,81.0,79.0
241.0,2024-11-26,20:42:00,20:42:00,Second,,Chicago,Loss,Vertigo,T,5.0,1.0,10.0,2.0,0.0,4.0,848.0,53.0,14.0,Loss,1236.0,4.0,,47.0,1186.0,1246.0,1216.0,,2,2,0,-7.89,62.0,40.0,50.0
242.0,2024-12-01,19:56:00,19:56:00,First,,Chicago,Loss,Mirage,T,3.0,4.0,6.0,3.0,1.0,11.0,898.0,39.0,66.0,Loss,1208.0,5.0,,49.0,1428.0,1453.0,1440.5,,1,3,0,-5.7,63.0,36.0,17.0
243.0,2024-12-01,20:45:00,20:45:00,First,,Dallas,Win,Anubis,T,6.0,3.0,9.0,1.0,2.0,6.0,1098.0,57.0,,Loss,1180.0,5.0,,48.0,1405.0,1453.0,1429.0,,2,2,0,-7.27,48.0,61.0,46.0
244.0,2024-12-01,22:35:00,22:35:00,Second,,Dallas,Loss,Dust II,T,3.0,2.0,10.0,2.0,1.0,6.0,896.0,46.0,60.0,Loss,1153.0,2.0,,50.0,1073.0,1081.0,1077.0,,3,3,0,-7.61,71.0,28.0,41.0
245.0,2024-12-01,23:12:00,23:12:00,First,,Dallas,Loss,Dust II,T,8.0,4.0,7.0,5.0,0.0,7.0,1566.0,74.0,7.0,Win,1123.0,2.0,,50.0,1097.0,1091.0,1094.0,,4,0,1,2.0,22.0,32.0,48.0
246.0,2024-12-11,18:53:00,18:53:00,First,,Chicago,Loss,Vertigo,T,11.0,3.0,8.0,6.0,1.0,8.0,,66.0,35.0,Loss,1148.0,5.0,,45.0,1342.0,1450.0,1396.0,,1,5,0,2.28,67.0,62.0,40.0
247.0,2024-12-11,19:56:00,19:56:00,First,,Chicago,Win,Anubis,T,7.0,1.0,9.0,3.0,4.0,6.0,,57.0,20.0,Loss,1128.0,5.0,,49.0,1320.0,1347.0,1333.5,,2,2,0,-6.19,79.0,37.0,68.0
248.0,2024-12-11,20:37:00,20:37:00,First,,Chicago,Loss,Mirage,T,6.0,2.0,7.0,4.0,0.0,6.0,1000.0,50.0,10.0,Win,1101.0,5.0,,53.0,1292.0,1227.0,1259.5,,3,0,1,-4.17,19.0,27.0,36.0
249.0,2024-12-12,15:59:00,15:59:00,First,,Chicago,Loss,Ancient,T,1.0,2.0,8.0,5.0,4.0,5.0,948.0,41.0,66.0,Win,1122.0,4.0,,51.0,1334.0,1312.0,1323.0,,1,0,2,1.15,47.0,55.0,59.0
250.0,2025-01-13,22:02:00,22:02:00,First,,Chicago,Loss,Inferno,CT,6.0,3.0,11.0,0.0,0.0,5.0,944.0,55.0,17.0,Loss,1143.0,5.0,,,,,0.0,,1,2,0,,,,
251.0,2025-01-20,20:34:00,20:34:00,Second,,ESEA-Chicago,Loss,Dust II,CT,1.0,0.0,3.0,4.0,0.0,9.0,725.0,,60.0,Loss,1143.0,5.0,,,,,0.0,,1,2,0,,,,
252.0,2025-01-27,20:30:00,20:30:00,First,,ESEA-Chicago,Loss,Anubis,T,,,,,,,,,,Loss,1143.0,5.0,,,,,0.0,,1,2,0,,,,
253.0,2025-02-05,20:32:00,20:32:00,Second,,ESEA-Chicago,Loss,Mirage,T,,,,,,,696.0,,,Loss,1143.0,5.0,,,,,0.0,,1,2,0,,,,
254.0,2025-02-05,22:16:00,22:16:00,First,Aimlabs,Chicago,Loss,Mirage,T,11.0,2.0,8.0,10.0,1.0,8.0,,68.0,33.0,Win,1143.0,1.0,,50.0,1206.0,1215.0,1210.5,,2,0,1,2.82,68.0,54.0,55.0
255.0,2025-02-10,20:38:00,20:38:00,First,,ESEA-Chicago,Loss,Anubis,CT,,,,4.0,6.0,11.0,,,,Loss,1171.0,5.0,,,,,0.0,,1,3,0,,,,
256.0,2025-02-10,22:43:00,22:43:00,First,Deathmatch,Dallas,Loss,Nuke,T,3.0,4.0,11.0,8.0,1.0,8.0,1577.0,71.0,27.0,Loss,1171.0,1.0,,46.0,1302.0,1378.0,1340.0,,2,2,0,-5.96,50.0,52.0,74.0
257.0,2025-02-10,23:36:00,23:36:00,Second,Deathmatch,Dallas,Win,Anubis,CT,11.0,4.0,3.0,13.0,4.0,6.0,2288.0,104.0,29.0,Win,1144.0,1.0,,50.0,955.0,945.0,950.0,EL,3,0,1,6.89,72.0,84.0,49.0
258.0,2025-02-12,21:32:00,21:32:00,Second,,ESEA-NewYork,Win,Anubis,T,7.0,5.0,11.0,6.0,3.0,2.0,,89.0,23.0,Win,1173.0,1.0,,,,,0.0,,1,0,2,1.69,54.0,83.0,39.0
259.0,2025-02-17,20:00:00,20:00:00,First,,ESEA-Chicago,Win,Anubis,T,6.0,2.0,8.0,3.0,0.0,6.0,718.0,37.0,33.0,Loss,1173.0,1.0,,,,,0.0,,1,2,0,-6.15,57.0,60.0,49.0
260.0,2025-02-19,20:32:00,20:32:00,First,,ESEA-Chicago,Loss,Inferno,T,6.0,3.0,11.0,5.0,2.0,5.0,1629.0,85.0,18.0,Win,1173.0,1.0,,,,,0.0,,1,0,1,,,,
261.0,2025-02-24,21:41:00,21:41:00,First,,ESEA-NewYork,Loss,Mirage,T,6.0,0.0,11.0,1.0,0.0,4.0,527.0,,,Loss,1173.0,5.0,,,,,0.0,,1,2,0,,,,
262.0,2025-02-24,20:36:00,20:36:00,First,,ESEA-Chicago,Loss,Dust II,CT,4.0,1.0,7.0,6.0,2.0,10.0,1250.0,62.0,,Loss,1173.0,5.0,,,,,0.0,,2,2,0,,,,
263.0,2025-02-24,21:58:00,21:58:00,First,,Dallas,Loss,Train,T,11.0,4.0,6.0,7.0,0.0,5.0,,107.0,28.0,Win,1173.0,1.0,,51.0,1323.0,1306.0,1314.5,,3,0,1,,,,
264.0,2025-05-07,20:24:00,20:24:00,,,Chicago,Loss,Anubis,CT,,,,6.0,3.0,7.0,,,,Loss,1202.0,5.0,,,,,0.0,,1,4,0,,,,
265.0,2025-06-02,20:01:00,20:01:00,First,,Chicago,Win,Ancient,CT,4.0,3.0,6.0,8.0,0.0,9.0,,65.0,17.0,Loss,1202.0,5.0,,50.0,,,0.0,,1,2,0,,,,
266.0,2025-06-05,19:32:00,19:32:00,Second,,Chicago,Win,Ancient,CT,6.0,7.0,13.0,5.0,1.0,8.0,,56.0,36.0,Win,1176.0,5.0,,48.0,,,0.0,,1,0,1,,,,
267.0,2025-06-06,20:39:00,20:39:00,Second,,Dallas,Win,Ancient,CT,3.0,1.0,3.0,2.0,3.0,12.0,880.0,46.0,60.0,Loss,1198.0,4.0,,,,,0.0,,1,2,0,,,,
268.0,2025-06-12,19:31:00,19:31:00,,,Chicago,Win,Nuke,CT,2.0,2.0,4.0,10.0,1.0,11.0,,71.0,50.0,Loss,1170.0,5.0,,52.0,,,0.0,,1,2,0,,,,
269.0,2025-06-24,20:24:00,20:24:00,First,,Chicago,Win,Mirage,CT,5.0,2.0,7.0,4.0,5.0,7.0,948.0,43.0,44.0,Win,1143.0,2.0,,50.0,,,0.0,,1,0,1,,,,
270.0,2025-06-28,12:39:00,12:39:00,Second,,Chicago,Loss,Mirage,CT,2.0,3.0,3.0,9.0,0.0,3.0,1035.0,69.0,45.0,Win,1164.0,1.0,,50.0,,,0.0,,1,0,2,,,,
271.0,2025-06-28,13:39:00,13:39:00,First,Deathmatch,Chicago,Win,Anubis,CT,4.0,2.0,6.0,7.0,3.0,8.0,1330.0,63.0,36.0,Win,1193.0,1.0,,49.0,,,0.0,,2,0,3,,,,
272.0,2025-06-28,14:14:00,14:14:00,First,,Chicago,Win,Anubis,T,8.0,3.0,4.0,4.0,2.0,7.0,1464.0,63.0,33.0,Loss,1215.0,2.0,,48.0,,,0.0,,3,3,0,,,,
273.0,2025-06-28,14:57:00,14:57:00,,,Chicago,Loss,Anubis,CT,2.0,,4.0,5.0,0.0,8.0,612.0,34.0,28.0,Loss,1188.0,2.0,,49.0,,,0.0,,4,4,0,,,,
274.0,2025-06-28,20:03:00,20:03:00,First,Deathmatch,Dallas,Win,Ancient,T,6.0,5.0,10.0,3.0,3.0,7.0,1168.0,55.0,22.0,Loss,1160.0,1.0,,50.0,,,0.0,,5,5,0,,,,
275.0,2025-06-28,20:52:00,20:52:00,,,Chicago,Win,Ancient,CT,3.0,0.0,3.0,7.0,1.0,9.0,1009.0,56.0,50.0,Loss,1134.0,5.0,,48.0,,,0.0,,6,6,0,,,,
276.0,2025-06-30,17:55:00,17:55:00,First,,Denver,Win,Anubis,T,9.0,4.0,10.0,6.0,4.0,9.0,2090.0,69.0,26.0,Loss,1111.0,1.0,,50.0,,,0.0,TML,1,7,0,-1.66,28.0,61.0,51.0
277.0,2025-06-30,20:29:00,20:29:00,Second,,Chicago,Win,Mirage,CT,6.0,1.0,3.0,5.0,3.0,10.0,1071.0,59.0,45.0,Loss,1085.0,3.0,,52.0,,,0.0,,2,2,0,,,,
278.0,2025-06-30,21:02:00,21:02:00,First,,Dallas,Loss,Nuke,T,12.0,1.0,7.0,4.0,0.0,7.0,,86.0,50.0,Loss,1061.0,3.0,,53.0,,,0.0,,3,3,0,,,,
279.0,2025-06-30,21:45:00,21:45:00,Second,,Chicago,Win,Mirage,CT,2.0,6.0,7.0,14.0,5.0,6.0,2220.0,100.0,43.0,Win,1037.0,2.0,,50.0,,,0.0,,4,0,1,,,,
280.0,2025-06-30,23:47:00,23:47:00,First,AimLabs,Chicago,Win,Dust II,CT,3.0,5.0,3.0,10.0,2.0,4.0,,,,Win,1065.0,1.0,,50.0,,,0.0,,5,0,2,,,,
281.0,2025-07-01,12:53:00,12:53:00,,AimLabs,Chicago,Win,Anubis,T,,,,,,,1467.0,69.0,33.0,Win,1090.0,1.0,,50.0,,,0.0,,1,0,3,,,,
282.0,2025-07-01,20:25:00,20:25:00,Second,AimLabs,Chicago,Win,Mirage,T,6.0,3.0,11.0,9.0,1.0,3.0,1459.0,72.0,40.0,Win,1113.0,1.0,,49.0,,,0.0,,2,0,4,,,,
283.0,2025-07-01,22:25:00,22:25:00,Second,,Chicago,Loss,Nuke,T,3.0,4.0,10.0,3.0,5.0,9.0,1247.0,59.0,,Loss,1140.0,2.0,,,,,0.0,,3,3,0,,,,
284.0,2025-07-01,23:05:00,23:05:00,First,,Chicago,Loss,Mirage,T,7.0,1.0,5.0,3.0,4.0,7.0,1413.0,64.0,40.0,Win,1125.0,2.0,,,,,0.0,,4,0,1,,,,
285.0,2025-07-03,23:14:00,23:14:00,First,,Chicago,Win,Dust II,T,6.0,9.0,9.0,13.0,1.0,2.0,,113.0,47.0,Win,1149.0,1.0,,51.0,,,0.0,,1,0,2,8.72,44.0,,53.0
286.0,2025-07-04,18:10:00,18:10:00,First,,Chicago,Loss,Inferno,T,9.0,2.0,7.0,6.0,1.0,6.0,1701.0,81.0,20.0,Win,1177.0,1.0,,51.0,,,0.0,,1,0,3,1.49,34.0,38.0,66.0
287.0,2025-07-04,19:03:00,19:03:00,First,,Denver,Loss,Dust II,T,,,,,,,1389.0,60.0,36.0,Win,1203.0,1.0,,47.0,,,0.0,,2,0,4,-4.33,15.0,38.0,51.0
288.0,2025-07-04,20:48:00,20:48:00,First,AimLabs,Chicago,Loss,Dust II,CT,8.0,2.0,5.0,11.0,3.0,7.0,1817.0,82.0,47.0,Win,1226.0,1.0,,50.0,,,0.0,,3,0,5,0.88,47.0,48.0,56.0
289.0,2025-07-04,21:40:00,21:40:00,First,Deathmatch,Denver,Win,Anubis,T,6.0,3.0,11.0,6.0,2.0,10.0,1930.0,80.0,41.0,Win,1254.0,1.0,,,,,0.0,,4,0,6,,,,
290.0,2025-07-04,22:29:00,22:29:00,Second,,Chicago,Win,Inferno,CT,9.0,3.0,6.0,10.0,5.0,9.0,2155.0,93.0,26.0,Win,1275.0,1.0,,50.0,,,0.0,,5,0,7,,,,
291.0,2025-07-05,00:33:00,00:33:00,Second,AimLabs,Denver,Loss,Ancient,T,7.0,4.0,9.0,3.0,4.0,8.0,1333.0,66.0,30.0,Loss,1302.0,1.0,,47.0,,,0.0,,1,6,0,,,,
292.0,2025-07-05,19:20:00,19:20:00,First,AimLabs,Chicago,Win,Train,CT,7.0,9.0,8.0,10.0,4.0,9.0,1946.0,67.0,50.0,Win,1291.0,1.0,,50.0,,,0.0,,2,0,1,1.08,20.0,64.0,64.0
293.0,2025-07-05,20:43:00,20:43:00,First,AimLabs,Chicago,Win,Ancient,CT,12.0,3.0,8.0,11.0,5.0,12.0,2404.0,80.0,34.0,Win,1316.0,1.0,,50.0,,,0.0,,3,0,2,,,,
294.0,2025-07-07,14:29:00,14:29:00,Second,,Chicago,Loss,Ancient,T,4.0,2.0,11.0,4.0,2.0,8.0,829.0,39.0,50.0,Loss,1344.0,1.0,,50.0,,,0.0,T,1,4,0,,,,
295.0,2025-07-07,15:06:00,15:06:00,Second,,Chicago,Win,Ancient,CT,8.0,1.0,3.0,8.0,4.0,10.0,1823.0,95.0,56.0,Loss,1315.0,1.0,,50.0,,,0.0,,2,2,0,,,,
296.0,2025-07-10,23:01:00,23:01:00,Second,,Chicago,Loss,Nuke,T,11.0,1.0,9.0,9.0,1.0,4.0,1754.0,76.0,35.0,Win,1293.0,1.0,,50.0,,,0.0,,1,0,1,3.58,27.0,55.0,36.0
297.0,2025-07-13,23:11:00,23:11:00,Second,Deathmatch,Chicago,Win,Dust II,CT,2.0,0.0,3.0,10.0,0.0,11.0,1286.0,80.0,58.0,Loss,1321.0,1.0,,51.0,,,0.0,,1,2,0,,,,
298.0,2025-07-13,23:54:00,23:54:00,Second,AimLabs,Chicago,Loss,Mirage,T,6.0,2.0,11.0,1.0,0.0,3.0,868.0,54.0,71.0,Loss,1295.0,1.0,,50.0,,,0.0,,2,2,0,,,,
299.0,2025-07-14,18:45:00,18:45:00,Second,,Chicago,Loss,Train,T,10.0,9.0,14.0,13.0,3.0,8.0,,97.0,39.0,Loss,1266.0,1.0,,51.0,,,0.0,,1,3,0,,,,
300.0,2025-07-14,21:30:00,21:30:00,Second,,Chicago,Win,Inferno,CT,7.0,2.0,6.0,5.0,6.0,9.0,1675.0,76.0,50.0,Loss,1242.0,1.0,,50.0,,,0.0,,2,2,0,,,,
301.0,2025-07-15,18:47:00,18:47:00,Second,,Chicago,Loss,Mirage,T,10.0,1.0,8.0,8.0,2.0,7.0,1576.0,65.0,56.0,Win,1218.0,2.0,,51.0,,,0.0,,1,0,1,,,,
302.0,2025-07-15,19:37:00,19:37:00,First,,Chicago,Loss,Nuke,T,7.0,3.0,11.0,9.0,7.0,10.0,,70.0,18.0,Win,1244.0,2.0,,,,,0.0,,2,0,2,,,,
303.0,2025-07-16,17:44:00,17:44:00,First,,Chicago,Win,Ancient,CT,6.0,1.0,4.0,8.0,0.0,9.0,1197.0,66.0,21.0,Loss,1266.0,2.0,,51.0,,,0.0,,1,3,0,,,,
304.0,2025-07-16,21:25:00,21:25:00,Second,Deathmatch,Chicago,Loss,Overpass,T,4.0,2.0,12.0,6.0,1.0,4.0,1302.0,72.0,30.0,Loss,1243.0,1.0,,,,,0.0,,2,2,0,,,,
305.0,2025-07-16,22:04:00,22:04:00,First,,Chicago,Loss,Overpass,T,8.0,1.0,7.0,5.0,3.0,10.0,1425.0,61.0,38.0,Win,1215.0,1.0,,51.0,,,0.0,,3,0,1,,,,
306.0,2025-07-17,22:50:00,22:50:00,,Deathmatch,Chicago,Loss,Inferno,T,9.0,3.0,11.0,7.0,5.0,11.0,,80.0,38.0,Loss,1237.0,2.0,,50.0,,,0.0,,1,4,0,,,,
307.0,2025-07-18,23:39:00,23:39:00,First,,Chicago,Loss,Mirage,T,6.0,2.0,10.0,11.0,2.0,8.0,,97.0,52.0,Loss,1210.0,2.0,,49.0,,,0.0,,1,2,0,,,,
308.0,2025-07-19,00:18:00,00:18:00,Second,,Chicago,Win,Mirage,CT,6.0,,,5.0,3.0,7.0,1691.0,,,Loss,1187.0,2.0,,,,,0.0,,1,2,0,,,,
309.0,2025-07-19,01:01:00,01:01:00,,,Chicago,Loss,Mirage,T,,,,,,,860.0,47.0,60.0,Loss,1158.0,2.0,,,,,0.0,,2,2,0,,,,
310.0,2025-07-19,21:03:00,21:03:00,First,,Dallas,Loss,Overpass,T,7.0,3.0,10.0,6.0,6.0,9.0,1869.0,77.0,38.0,Loss,1129.0,1.0,,50.0,,,0.0,,3,3,0,,,,
311.0,2025-07-19,22:05:00,22:05:00,First,Deathmatch,Dallas,Win,Mirage,T,4.0,7.0,8.0,8.0,1.0,7.0,1557.0,67.0,33.0,Win,1103.0,1.0,,,,,0.0,,4,0,1,,,,
312.0,2025-07-19,23:31:00,23:31:00,,,Chicago,Win,Mirage,CT,6.0,4.0,8.0,8.0,1.0,4.0,1649.0,71.0,42.0,Win,1127.0,2.0,,50.0,,,0.0,,5,0,2,,,,
313.0,2025-07-20,20:24:00,20:24:00,First,,Chicago,Win,Dust II,CT,3.0,1.0,4.0,7.0,0.0,10.0,1063.0,62.0,50.0,Loss,1151.0,5.0,,54.0,,,0.0,,1,6,0,,,,
314.0,2025-07-22,21:17:00,21:17:00,Second,,Chicago,Loss,Mirage,T,10.0,3.0,7.0,9.0,2.0,7.0,1864.0,81.0,32.0,Win,1122.0,2.0,,48.0,,,0.0,,1,0,1,,,,
315.0,2025-07-22,21:58:00,21:58:00,Second,,Denver,Loss,Overpass,T,4.0,0.0,10.0,0.0,3.0,5.0,461.0,,,Loss,1152.0,2.0,,48.0,,,0.0,,2,2,0,,,,
316.0,2025-07-22,22:32:00,22:32:00,First,,Denver,Win,Mirage,CT,4.0,,5.0,7.0,3.0,11.0,,,,Loss,1123.0,2.0,,,,,0.0,,3,3,0,,,,
317.0,2025-07-25,20:45:00,20:45:00,,,Chicago,Loss,Ancient,CT,6.0,5.0,7.0,7.0,2.0,6.0,1171.0,48.0,15.0,Win,1099.0,5.0,,49.0,,,0.0,,1,0,1,,,,
318.0,2025-07-25,21:29:00,21:29:00,First,,Chicago,Win,Mirage,CT,3.0,2.0,7.0,6.0,4.0,6.0,1016.0,48.0,0.0,Win,,5.0,,51.0,,,0.0,,2,0,2,,,,
319.0,2025-07-25,22:06:00,22:06:00,Second,,Chicago,Loss,Ancient,T,4.0,2.0,11.0,6.0,1.0,9.0,,58.0,20.0,Loss,1146.0,5.0,,,,,0.0,,3,3,0,0.36,43.0,69.0,40.0
320.0,2025-07-27,22:06:00,22:06:00,First,AimLabs,Chicago,Loss,Overpass,T,12.0,3.0,6.0,6.0,4.0,7.0,,91.0,78.0,Loss,1129.0,1.0,,49.0,,,0.0,,1,4,0,,,,
321.0,2025-08-01,20:44:00,20:44:00,First,,Chicago,Loss,Ancient,T,2.0,4.0,11.0,2.0,0.0,4.0,472.0,31.0,50.0,Loss,1097.0,4.0,,50.0,,,0.0,,1,2,0,,,,
322.0,2025-08-23,22:38:00,23:38:00,,,Chicago,Win,Overpass,CT,9.0,2.0,4.0,8.0,0.0,8.0,,72.0,29.0,Win,1069.0,2.0,,,,,0.0,,1,0,1,3.22,26.0,70.0,37.0
323.0,2025-08-23,23:31:00,1900-01-01 00:31:00,First,,Chicago,Win,Mirage,CT,3.0,3.0,4.0,8.0,2.0,8.0,1092.0,52.0,45.0,Win,1100.0,4.0,,50.0,,,0.0,,2,0,2,-2.99,33.0,67.0,12.0
324.0,2025-08-24,00:13:00,01:13:00,,,Dallas,Loss,Mirage,T,,,,,,,2043.0,88.0,27.0,Win,1123.0,2.0,,52.0,,,0.0,,1,0,3,,,,
325.0,2025-08-27,20:07:00,21:07:00,,,Chicago,Loss,Dust II,CT,8.0,2.0,11.0,7.0,1.0,11.0,,61.0,33.0,Loss,1149.0,2.0,,,,,0.0,,1,2,0,,,,
326.0,2025-08-27,21:55:00,22:55:00,,,Chicago,Loss,Mirage,CT,,,,,,,1830.0,114.0,40.0,Win,1123.0,2.0,,,,,0.0,,2,0,1,,,,
327.0,2025-10-15,18:59:00,19:59:00,,,Chicago,Loss,Ancient,T,,,,,,,,,,,1154.0,2.0,,49.0,,,0.0,S,1,0,0,,,,
,,,01:00:00,,,,,,,,,,,,,,,,,,,,,,,0.0,,1,0,0,,,,
,,,01:00:00,,,,,,,,,,,,,,,,,,,,,,,0.0,,2,0,0,,,,
,,,01:00:00,,,,,,,,,,,,,,,,,,,,,,,0.0,,3,0,0,,,,
,,,01:00:00,,,,,,,,,,,,,,,,,,,,,,,0.0,,4,0,0,,,,
,,,01:00:00,,,,,,,,,,,,,,,,,,,,,,,0.0,,5,0,0,,,,
,,,01:00:00,,,,,,,,,,,,,,,,,,,,,,,0.0,,6,0,0,,,,
,,,01:00:00,,,,,,,,,,,,,,,,,,,,,,,0.0,,7,0,0,,,,
,,,01:00:00,,,,,,,,,,,,,,,,,,,,,,,0.0,,8,0,0,,,,
,,,01:00:00,,,,,,,,,,,,,,,,,,,,,,,0.0,,9,0,0,,,,
